season,team,pick,pfr_player_name,position,hof,probowls,seasons_started,w_av,dr_av,games,active,bust_a,bust_b,bust_c,triple_bust,clean_hit
1980,DET,1,Billy Sims,RB,False,3,5,58,58,60,0,0,0,0,0,1
1980,NYJ,2,Lam Jones,WR,False,0,3,21,21,61,0,1,1,1,1,0
1980,CIN,3,Anthony Munoz,T,True,11,12,138,138,185,0,0,0,0,0,1
1980,GB,4,Bruce Clark,DE,False,1,6,46,0,113,0,0,0,0,0,1
1980,IND,5,Curtis Dickey,RB,False,0,5,37,34,85,0,1,0,0,0,0
1980,LAR,6,Curtis Greer,DE,False,0,6,38,38,94,0,1,0,0,0,0
1980,ATL,7,Junior Miller,TE,False,2,3,14,13,71,0,0,1,1,0,0
1980,NYG,8,Mark Haynes,DB,False,3,7,66,55,127,0,0,0,0,0,1
1980,MIN,9,Doug Martin,DE,False,0,7,48,48,126,0,1,0,0,0,0
1980,SEA,10,Jacob Green,DE,False,2,12,80,80,180,0,0,0,0,0,1
1980,KC,11,Brad Budde,G,False,0,6,36,36,92,0,1,0,0,0,0
1980,NO,12,Stan Brock,T,False,0,16,78,61,234,0,1,0,0,0,0
1980,SF,13,Earl Cooper,RB,False,0,4,25,25,93,0,1,0,0,0,0
1980,NE,14,Roland James,DB,False,0,8,50,50,145,0,1,0,0,0,0
1980,LV,15,Marc Wilson,QB,False,0,5,36,33,126,0,1,0,0,0,0
1980,BUF,16,Jim Ritcher,G,False,2,11,70,70,218,0,0,0,0,0,1
1980,LAR,17,Johnnie Johnson,DB,False,0,7,51,50,124,0,1,0,0,0,0
1980,WAS,18,Art Monk,WR,True,3,14,90,88,224,0,0,0,0,0,1
1980,CHI,19,Otis Wilson,LB,False,1,7,58,58,110,0,0,0,0,0,1
1980,SF,20,Jim Stuckey,DE,False,0,3,25,24,93,0,1,0,1,0,0
1980,MIA,21,Don McNeal,DB,False,0,4,30,30,110,0,1,0,0,0,0
1980,TB,22,Ray Snell,G,False,0,3,19,16,65,0,1,0,1,0,0
1980,PHI,23,Roynell Young,DB,False,1,8,54,54,117,0,0,0,0,0,1
1980,IND,24,Derrick Hatchett,DB,False,0,4,16,16,49,0,1,1,0,0,0
1980,NE,25,Vagas Ferguson,RB,False,0,1,11,11,33,0,1,1,1,1,0
1980,GB,26,George Cumby,LB,False,0,5,33,30,92,0,1,0,0,0,0
1980,CLE,27,Charles White,RB,False,1,3,30,13,108,0,0,0,1,0,0
1980,PIT,28,Mark Malone,QB,False,0,5,27,25,73,0,1,0,0,0,0
1981,NO,1,George Rogers,RB,False,2,6,46,28,92,0,0,0,0,0,1
1981,NYG,2,Lawrence Taylor,LB,True,10,13,146,146,184,0,0,0,0,0,1
1981,NYJ,3,Freeman McNeil,RB,False,3,8,75,75,144,0,0,0,0,0,1
1981,SEA,4,Kenny Easley,DB,True,5,7,65,65,89,0,0,0,0,0,1
1981,LAR,5,E.J. Junior,LB,False,2,9,59,54,170,0,0,0,0,0,1
1981,GB,6,Rich Campbell,QB,False,0,0,2,2,7,0,1,1,1,1,0
1981,TB,7,Hugh Green,LB,False,2,8,61,37,136,0,0,0,0,0,1
1981,SF,8,Ronnie Lott,DB,True,10,14,123,105,192,0,0,0,0,0,1
1981,LAR,9,Mel Owens,LB,False,0,6,42,42,122,0,1,0,0,0,0
1981,CIN,10,David Verser,WR,False,0,0,6,6,52,0,1,1,1,1,0
1981,CHI,11,Keith Van Horne,T,False,0,12,61,61,186,0,1,0,0,0,0
1981,IND,12,Randy McMillan,RB,False,0,6,32,32,88,0,1,0,0,0,0
1981,MIA,13,David Overstreet,RB,False,0,0,4,4,14,0,1,1,1,1,0
1981,KC,14,Willie Scott,TE,False,0,3,6,6,98,0,1,1,1,1,0
1981,DEN,15,Dennis Smith,DB,False,6,13,74,74,184,0,0,0,0,0,1
1981,DET,16,Mark Nichols,WR,False,0,3,21,21,76,0,1,0,1,0,0
1981,PIT,17,Keith Gary,DE,False,0,3,21,21,86,0,1,0,1,0,0
1981,IND,18,Donnell Thompson,DE,False,0,11,50,50,147,0,1,0,0,0,0
1981,NE,19,Brian Holloway,T,False,3,6,45,41,102,0,0,0,0,0,1
1981,WAS,20,Mark May,G,False,1,10,64,55,159,0,0,0,0,0,1
1981,LV,21,Ted Watts,DB,False,0,2,16,14,74,0,1,1,1,1,0
1981,CLE,22,Hanford Dixon,DB,False,3,9,70,70,131,0,0,0,0,0,1
1981,LV,23,Curt Marsh,G,False,0,2,17,17,45,0,1,0,1,0,0
1981,LAC,24,James Brooks,RB,False,4,8,82,15,162,0,0,0,0,0,1
1981,ATL,25,Bobby Butler,DB,False,0,9,45,45,169,0,1,0,0,0,0
1981,DAL,26,Howard Richards,G,False,0,1,16,15,69,0,1,1,1,1,0
1981,PHI,27,Leonard Mitchell,DE,False,0,4,22,18,89,0,1,0,0,0,0
1981,BUF,28,Booker Moore,RB,False,0,2,6,6,51,0,1,1,1,1,0
1982,NE,1,Kenneth Sims,DE,False,0,5,31,31,74,0,1,0,0,0,0
1982,IND,2,Johnie Cooks,LB,False,0,7,40,29,128,0,1,0,0,0,0
1982,CLE,3,Chip Banks,LB,False,4,10,73,52,138,0,0,0,0,0,1
1982,IND,4,Art Schlichter,QB,False,0,0,4,4,13,0,1,1,1,1,0
1982,CHI,5,Jim McMahon,QB,False,1,9,57,42,119,0,0,0,0,0,1
1982,SEA,6,Jeff Bryant,DE,False,0,12,68,68,175,0,1,0,0,0,0
1982,MIN,7,Darrin Nelson,RB,False,0,6,48,44,152,0,1,0,0,0,0
1982,TEN,8,Mike Munchak,G,True,9,11,93,93,159,0,0,0,0,0,1
1982,ATL,9,Gerald Riggs,RB,False,3,5,55,47,129,0,0,0,0,0,1
1982,LV,10,Marcus Allen,RB,True,6,12,104,85,222,0,0,0,0,0,1
1982,KC,11,Anthony Hancock,WR,False,0,0,11,11,59,0,1,1,1,1,0
1982,PIT,12,Walter Abercrombie,RB,False,0,4,32,32,84,0,1,0,0,0,0
1982,NO,13,Lindsay Scott,WR,False,0,1,9,9,49,0,1,1,1,1,0
1982,LAR,14,Barry Redden,RB,False,0,1,15,14,108,0,1,1,1,1,0
1982,DET,15,Jimmy Williams,LB,False,0,10,49,39,152,0,1,0,0,0,0
1982,LAR,16,Luis Sharpe,T,False,3,13,75,75,189,0,0,0,0,0,1
1982,TB,17,Sean Farrell,G,False,0,8,42,23,123,0,1,0,0,0,0
1982,NYG,18,Butch Woolfolk,RB,False,0,4,26,13,81,0,1,0,0,0,0
1982,BUF,19,Perry Tuttle,WR,False,0,0,4,4,24,0,1,1,1,1,0
1982,PHI,20,Mike Quick,WR,False,5,6,45,45,101,0,0,0,0,0,1
1982,DEN,21,Gerald Willhite,RB,False,0,1,26,26,78,0,1,0,1,0,0
1982,GB,22,Ron Hallstrom,G,False,0,9,50,47,174,0,1,0,0,0,0
1982,NYJ,23,Bob Crable,LB,False,0,3,21,21,66,0,1,0,1,0,0
1982,MIA,24,Roy Foster,G,False,2,8,70,53,165,0,0,0,0,0,1
1982,DAL,25,Rod Hill,DB,False,0,0,6,3,48,0,1,1,1,1,0
1982,CIN,26,Glen Collins,DE,False,0,0,8,8,58,0,1,1,1,1,0
1982,NE,27,Lester Williams,NT,False,0,1,13,13,46,0,1,1,1,1,0
1983,IND,1,John Elway,QB,True,9,16,140,0,234,0,0,0,0,0,1
1983,LAR,2,Eric Dickerson,RB,True,6,10,92,48,146,0,0,0,0,0,1
1983,SEA,3,Curt Warner,RB,False,3,6,60,60,100,0,0,0,0,0,1
1983,DEN,4,Chris Hinton,T,False,7,11,79,0,177,0,0,0,0,0,1
1983,LAC,5,Billy Ray Smith,LB,False,0,7,46,46,126,0,1,0,0,0,0
1983,CHI,6,Jimbo Covert,T,True,2,7,57,57,111,0,0,0,0,0,1
1983,KC,7,Todd Blackledge,QB,False,0,0,12,9,46,0,1,1,1,1,0
1983,PHI,8,Michael Haddix,RB,False,0,3,19,15,120,0,1,1,1,1,0
1983,TEN,9,Bruce Matthews,G,True,14,19,138,138,296,0,0,0,0,0,1
1983,NYG,10,Terry Kinard,DB,False,1,8,49,42,121,0,0,0,0,0,1
1983,GB,11,Tim Lewis,DB,False,0,2,21,21,51,0,1,1,1,1,0
1983,BUF,12,Tony Hunter,TE,False,0,2,11,5,47,0,1,1,1,1,0
1983,DET,13,James Jones,FB,False,0,6,42,39,135,0,1,0,0,0,0
1983,BUF,14,Jim Kelly,QB,True,5,11,103,103,160,0,0,0,0,0,1
1983,NE,15,Tony Eason,QB,False,0,3,36,34,90,0,1,0,1,0,0
1983,ATL,16,Mike Pitts,DT,False,0,7,53,11,169,0,1,0,0,0,0
1983,LAR,17,Leonard Smith,DB,False,0,8,42,23,138,0,1,0,0,0,0
1983,CHI,18,Willie Gault,WR,False,0,9,56,32,170,0,1,0,0,0,0
1983,MIN,19,Joey Browner,DB,False,6,7,74,74,145,0,0,0,0,0,1
1983,LAC,20,Gary Anderson,RB,False,1,4,42,29,111,0,0,0,0,0,1
1983,PIT,21,Gabe Rivera,NT,False,0,0,1,1,6,0,1,1,1,1,0
1983,LAC,22,Gill Byrd,DB,False,2,10,58,58,149,0,0,0,0,0,1
1983,DAL,23,Jim Jeffcoat,DE,False,0,8,57,56,227,0,1,0,0,0,0
1983,NYJ,24,Ken O'Brien,QB,False,2,7,73,72,129,0,0,0,0,0,1
1983,CIN,25,Dave Rimington,C,False,0,6,39,33,86,0,1,0,0,0,0
1983,LV,26,Don Mosebar,C,False,3,11,60,60,173,0,0,0,0,0,1
1983,MIA,27,Dan Marino,QB,True,9,16,145,145,242,0,0,0,0,0,1
1983,WAS,28,Darrell Green,DB,True,7,15,103,103,295,0,0,0,0,0,1
1984,NE,1,Irving Fryar,WR,False,5,13,80,31,255,0,0,0,0,0,1
1984,TEN,2,Dean Steinkuhler,T,False,0,5,36,36,100,0,1,0,0,0,0
1984,NYG,3,Carl Banks,LB,False,1,10,68,52,173,0,0,0,0,0,1
1984,PHI,4,Kenny Jackson,WR,False,0,4,15,15,102,0,1,1,0,0,0
1984,KC,5,Bill Maas,NT,False,2,8,52,51,130,0,0,0,0,0,1
1984,LAC,6,Mossy Cade,DB,False,0,1,8,0,30,0,1,1,1,1,0
1984,CIN,7,Ricky Hunley,LB,False,0,2,18,0,91,0,1,1,1,1,0
1984,IND,8,Leonard Coleman,DB,False,0,1,9,7,49,0,1,1,1,1,0
1984,ATL,9,Rick Bryan,DE,False,0,6,37,37,109,0,1,0,0,0,0
1984,NYJ,10,Russell Carter,DB,False,0,3,16,12,64,0,1,1,1,1,0
1984,CHI,11,Wilber Marshall,LB,False,3,10,99,37,179,0,0,0,0,0,1
1984,GB,12,Alphonso Carreker,DE,False,0,6,36,27,94,0,1,0,0,0,0
1984,MIN,13,Keith Millard,DT,False,2,4,59,55,93,0,0,0,0,0,1
1984,MIA,14,Jackie Shipp,LB,False,0,3,18,17,74,0,1,1,1,1,0
1984,NYJ,15,Ron Faurot,DE,False,0,1,6,6,20,0,1,1,1,1,0
1984,CIN,16,Pete Koch,NT,False,0,1,11,1,58,0,1,1,1,1,0
1984,LAR,17,Clyde Duncan,WR,False,0,0,0,0,19,0,1,1,1,1,0
1984,CLE,18,Don Rogers,DB,False,0,2,13,13,31,0,1,1,1,1,0
1984,IND,19,Ron Solt,G,False,1,8,43,27,116,0,0,0,0,0,1
1984,DET,20,David Lewis,TE,False,0,1,7,6,47,0,1,1,1,1,0
1984,KC,21,John Alt,T,False,2,10,68,68,179,0,0,0,0,0,1
1984,SEA,22,Terry Taylor,DB,False,0,7,40,23,149,0,1,0,0,0,0
1984,PIT,23,Louis Lipps,WR,False,2,7,54,54,110,0,0,0,0,0,1
1984,SF,24,Todd Shell,LB,False,0,1,12,12,38,0,1,1,1,1,0
1984,DAL,25,Billy Cannon,LB,False,0,0,1,1,8,0,1,1,1,1,0
1984,BUF,26,Greg Bell,RB,False,1,4,38,18,80,0,0,0,0,0,1
1984,NYG,27,William Roberts,G,False,1,11,65,55,195,0,0,0,0,0,1
1984,CIN,28,Brian Blados,T,False,0,4,35,34,107,0,1,0,0,0,0
1985,BUF,1,Bruce Smith,DE,True,11,18,152,144,279,0,0,0,0,0,1
1985,ATL,2,Bill Fralic,G,False,4,9,59,53,132,0,0,0,0,0,1
1985,TEN,3,Ray Childress,DT,False,5,10,90,90,163,0,0,0,0,0,1
1985,MIN,4,Chris Doleman,DE,True,8,13,114,85,232,0,0,0,0,0,1
1985,IND,5,Duane Bickett,LB,False,1,9,64,62,175,0,0,0,0,0,1
1985,DET,6,Lomas Brown,T,False,7,17,98,74,263,0,0,0,0,0,1
1985,GB,7,Ken Ruettgers,T,False,0,9,55,55,156,0,1,0,0,0,0
1985,TB,8,Ron Holmes,DE,False,0,6,31,14,102,0,1,0,0,0,0
1985,PHI,9,Kevin Allen,T,False,0,0,2,2,16,0,1,1,1,1,0
1985,NYJ,10,Al Toon,WR,False,3,8,56,56,107,0,0,0,0,0,1
1985,TEN,11,Richard Johnson,DB,False,0,2,19,19,98,0,1,1,1,1,0
1985,LAC,12,Jim Lachey,T,False,3,9,77,17,131,0,0,0,0,0,1
1985,CIN,13,Eddie Brown,WR,False,1,7,57,57,102,0,0,0,0,0,1
1985,BUF,14,Derrick Burroughs,DB,False,0,3,15,15,58,0,1,1,1,1,0
1985,KC,15,Ethan Horton,TE,False,1,5,22,3,116,0,0,0,0,0,1
1985,SF,16,Jerry Rice,WR,True,13,18,160,149,303,0,0,0,0,0,1
1985,DAL,17,Kevin Brooks,DT,False,0,3,21,13,69,0,1,0,1,0,0
1985,LAR,18,Freddie Joe Nunn,DE,False,0,8,49,47,157,0,1,0,0,0,0
1985,NYG,19,George Adams,RB,False,0,1,13,12,76,0,1,1,1,1,0
1985,PIT,20,Darryl Sims,DE,False,0,0,9,3,58,0,1,1,1,1,0
1985,LAR,21,Jerry Gray,DB,False,4,7,61,54,134,0,0,0,0,0,1
1985,CHI,22,William Perry,DT,False,0,9,48,39,138,0,1,0,0,0,0
1985,LV,23,Jessie Hester,WR,False,0,7,37,10,147,0,1,0,0,0,0
1985,NO,24,Alvin Toles,LB,False,0,1,10,10,55,0,1,1,1,1,0
1985,CIN,25,Emanuel King,LB,False,0,2,15,14,67,0,1,1,1,1,0
1985,DEN,26,Steve Sewell,RB,False,0,0,25,25,94,0,1,0,1,0,0
1985,MIA,27,Lorenzo Hampton,RB,False,0,3,25,25,70,0,1,0,1,0,0
1985,NE,28,Trevor Matich,C,False,0,0,16,4,148,0,1,0,1,0,0
1986,TB,1,Bo Jackson,RB,False,1,3,22,0,38,0,0,1,1,0,0
1986,ATL,2,Tony Casillas,DT,False,0,10,56,27,166,0,1,0,0,0,0
1986,TEN,3,Jim Everett,QB,False,1,10,87,0,158,0,0,0,0,0,1
1986,IND,4,Jon Hand,DE,False,0,8,44,44,121,0,1,0,0,0,0
1986,LAR,5,Anthony Bell,LB,False,0,4,28,25,102,0,1,0,0,0,0
1986,NO,6,Jim Dombrowski,G,False,0,9,59,59,151,0,1,0,0,0,0
1986,KC,7,Brian Jozwiak,G,False,0,0,3,3,28,0,1,1,1,1,0
1986,LAC,8,Leslie O'Neal,DE,False,6,12,89,73,196,0,0,0,0,0,1
1986,PIT,9,John Rienstra,G,False,0,2,24,12,65,0,1,0,1,0,0
1986,PHI,10,Keith Byars,RB,False,1,12,60,44,189,0,0,0,0,0,1
1986,CIN,11,Joe Kelly,LB,False,0,7,43,17,156,0,1,0,0,0,0
1986,DET,12,Chuck Long,QB,False,0,1,11,11,27,0,1,1,1,1,0
1986,LAC,13,James FitzPatrick,T,False,0,1,10,7,65,0,1,1,1,1,0
1986,MIN,14,Gerald Robinson,DE,False,0,1,15,3,89,0,1,1,1,1,0
1986,SEA,15,John Williams,FB,False,2,10,65,61,149,0,0,0,0,0,1
1986,BUF,16,Ronnie Harmon,RB,False,1,1,64,13,181,0,0,0,1,0,0
1986,ATL,17,Tim Green,LB,False,0,5,28,28,99,0,1,0,0,0,0
1986,DAL,18,Mike Sherrard,WR,False,0,2,33,5,105,0,1,0,1,0,0
1986,NYG,19,Eric Dorsey,DE,False,0,4,27,27,89,0,1,0,0,0,0
1986,BUF,20,Will Wolford,T,False,3,13,75,46,191,0,0,0,0,0,1
1986,CIN,21,Tim McGee,WR,False,0,6,46,43,134,0,1,0,0,0,0
1986,NYJ,22,Mike Haight,G,False,0,3,20,20,63,0,1,0,1,0,0
1986,LAR,23,Mike Schad,G,False,0,4,26,1,62,0,1,0,0,0,0
1986,LV,24,Bob Buczkowski,DE,False,0,0,3,0,21,0,1,1,1,1,0
1986,TB,25,Rod Jones,DB,False,0,7,34,13,144,0,1,0,0,0,0
1986,NE,26,Reggie Dupard,RB,False,0,0,7,6,51,0,1,1,1,1,0
1986,CHI,27,Neal Anderson,RB,False,4,7,61,61,116,0,0,0,0,0,1
1987,TB,1,Vinny Testaverde,QB,False,2,15,97,26,233,0,0,0,0,0,1
1987,IND,2,Cornelius Bennett,LB,False,5,14,91,8,206,0,0,0,0,0,1
1987,TEN,3,Alonzo Highsmith,RB,False,0,2,12,12,65,0,1,1,1,1,0
1987,GB,4,Brent Fullwood,RB,False,1,2,14,14,46,0,0,1,1,0,0
1987,CLE,5,Mike Junkin,LB,False,0,0,3,3,20,0,1,1,1,1,0
1987,LAR,6,Kelly Stouffer,QB,False,0,0,2,0,22,0,1,1,1,1,0
1987,DET,7,Reggie Rogers,DE,False,0,0,1,1,15,0,1,1,1,1,0
1987,BUF,8,Shane Conlan,LB,False,3,8,61,50,120,0,0,0,0,0,1
1987,PHI,9,Jerome Brown,DT,False,2,5,51,51,76,0,0,0,0,0,1
1987,PIT,10,Rod Woodson,DB,True,11,15,142,98,238,0,0,0,0,0,1
1987,NO,11,Shawn Knight,DE,False,0,0,3,1,31,0,1,1,1,1,0
1987,DAL,12,Danny Noonan,DT,False,0,2,20,20,73,0,1,1,1,1,0
1987,ATL,13,Chris Miller,QB,False,1,7,51,41,98,0,0,0,0,0,1
1987,MIN,14,D.J. Dozier,RB,False,0,0,8,8,43,0,1,1,1,1,0
1987,LV,15,John Clay,T,False,0,1,5,5,12,0,1,1,1,1,0
1987,MIA,16,John Bosa,DE,False,0,1,10,10,31,0,1,1,1,1,0
1987,CIN,17,Jason Buck,DE,False,0,1,18,12,97,0,1,1,1,1,0
1987,SEA,18,Tony Woods,DE,False,0,9,51,37,147,0,1,0,0,0,0
1987,KC,19,Paul Palmer,RB,False,0,2,14,11,41,0,1,1,1,1,0
1987,TEN,20,Haywood Jeffires,WR,False,3,6,50,49,132,0,0,0,0,0,1
1987,NYJ,21,Roger Vick,RB,False,0,3,12,12,58,0,1,1,1,1,0
1987,SF,22,Harris Barton,T,False,1,10,79,79,138,0,0,0,0,0,1
1987,NE,23,Bruce Armstrong,T,False,6,14,82,82,212,0,0,0,0,0,1
1987,LAC,24,Rod Bernstine,RB,False,0,3,31,20,84,0,1,0,1,0,0
1987,SF,25,Terrence Flagler,RB,False,0,0,6,3,41,0,1,1,1,1,0
1987,CHI,26,Jim Harbaugh,QB,False,1,10,79,40,177,0,0,0,0,0,1
1987,DEN,27,Ricky Nattiel,WR,False,0,1,19,19,70,0,1,0,1,0,0
1987,NYG,28,Mark Ingram,WR,False,0,6,36,22,128,0,1,0,0,0,0
1988,ATL,1,Aundray Bruce,LB,False,0,2,24,16,151,0,1,1,1,1,0
1988,KC,2,Neil Smith,DE,False,6,11,96,78,191,0,0,0,0,0,1
1988,DET,3,Bennie Blades,DB,False,1,9,46,44,136,0,0,0,0,0,1
1988,TB,4,Paul Gruber,T,False,0,12,60,60,183,0,1,0,0,0,0
1988,CIN,5,Rickey Dixon,DB,False,0,2,13,13,82,0,1,1,1,1,0
1988,LV,6,Tim Brown,WR,True,9,13,105,105,255,0,0,0,0,0,1
1988,GB,7,Sterling Sharpe,WR,True,5,7,70,70,112,0,0,0,0,0,1
1988,NYJ,8,Dave Cadigan,G,False,0,5,28,24,82,0,1,0,0,0,0
1988,LV,9,Terry McDaniel,DB,False,5,9,70,69,152,0,0,0,0,0,1
1988,NYG,10,Eric Moore,G,False,0,5,35,33,84,0,1,0,0,0,0
1988,DAL,11,Michael Irvin,WR,True,5,10,104,104,159,0,0,0,0,0,1
1988,ARI,12,Ken Harvey,LB,False,4,9,65,22,164,0,0,0,0,0,1
1988,PHI,13,Keith Jackson,TE,False,5,7,43,23,129,0,0,0,0,0,1
1988,LAR,14,Gaston Green,RB,False,1,2,16,4,58,0,0,1,1,0,0
1988,LAC,15,Anthony Miller,WR,False,5,10,74,50,155,0,0,0,0,0,1
1988,MIA,16,Eric Kumerow,DE,False,0,0,4,4,42,0,1,1,1,1,0
1988,NE,17,John Stephens,RB,False,1,4,23,21,88,0,0,0,0,0,1
1988,PIT,18,Aaron Jones,DE,False,0,2,18,13,112,0,1,1,1,1,0
1988,MIN,19,Randall McDaniel,G,True,12,14,129,121,222,0,0,0,0,0,1
1988,LAR,20,Aaron Cox,WR,False,0,1,15,15,82,0,1,1,1,1,0
1988,CLE,21,Clifford Charlton,LB,False,0,0,2,2,31,0,1,1,1,1,0
1988,TEN,22,Lorenzo White,RB,False,1,3,43,42,107,0,0,0,1,0,0
1988,CHI,23,Brad Muster,RB,False,0,5,31,29,95,0,1,0,0,0,0
1988,NO,24,Craig Heyward,RB,False,1,6,38,14,149,0,0,0,0,0,1
1988,LV,25,Scott Davis,DT,False,0,3,23,23,75,0,1,0,1,0,0
1988,DEN,26,Ted Gregory,NT,False,0,0,0,0,3,0,1,1,1,1,0
1988,CHI,27,Wendell Davis,WR,False,0,3,28,28,81,0,1,0,1,0,0
1989,DAL,1,Troy Aikman,QB,True,6,12,96,96,165,0,0,0,0,0,1
1989,GB,2,Tony Mandarich,T,False,0,4,28,13,86,0,1,1,0,0,0
1989,DET,3,Barry Sanders,RB,True,10,10,120,120,153,0,0,0,0,0,1
1989,KC,4,Derrick Thomas,LB,True,9,11,104,104,169,0,0,0,0,0,1
1989,ATL,5,Deion Sanders,DB,True,8,12,127,35,188,0,0,0,0,0,1
1989,TB,6,Broderick Thomas,LB,False,0,6,40,24,144,0,1,0,0,0,0
1989,PIT,7,Tim Worley,RB,False,0,2,13,10,48,0,1,1,1,1,0
1989,LAC,8,Burt Grossman,DE,False,0,5,35,33,86,0,1,0,0,0,0
1989,MIA,9,Sammie Smith,RB,False,0,2,13,13,44,0,1,1,1,1,0
1989,ARI,10,Eric Hill,LB,False,0,11,52,45,160,0,1,0,0,0,0
1989,CHI,11,Donnell Woolford,DB,False,1,9,51,47,126,0,0,0,0,0,1
1989,CHI,12,Trace Armstrong,DE,False,1,9,61,36,211,0,0,0,0,0,1
1989,CLE,13,Eric Metcalf,RB,False,3,6,64,39,179,0,0,0,0,0,1
1989,NYJ,14,Jeff Lageman,DE,False,0,7,44,32,122,0,1,0,0,0,0
1989,SEA,15,Andy Heck,T,False,0,11,60,22,185,0,1,0,0,0,0
1989,NE,16,Hart Lee Dykes,WR,False,0,1,9,9,26,0,1,1,1,1,0
1989,ARI,17,Joe Wolf,T,False,0,2,24,24,94,0,1,0,1,0,0
1989,NYG,18,Brian Williams,C,False,0,4,27,27,129,0,1,0,0,0,0
1989,NO,19,Wayne Martin,DE,False,1,10,68,68,171,0,0,0,0,0,1
1989,DEN,20,Steve Atwater,DB,True,8,11,81,79,167,0,0,0,0,0,1
1989,LAR,21,Bill Hawkins,DE,False,0,1,6,6,42,0,1,1,1,1,0
1989,IND,22,Andre Rison,WR,False,5,10,77,4,186,0,0,0,0,0,1
1989,TEN,23,David Williams,T,False,0,8,44,35,128,0,1,0,0,0,0
1989,PIT,24,Tom Ricketts,G,False,0,1,9,8,53,0,1,1,1,1,0
1989,MIA,25,Louis Oliver,DB,False,0,7,45,41,117,0,1,0,0,0,0
1989,LAR,26,Cleveland Gary,RB,False,0,2,25,25,68,0,1,0,1,0,0
1989,ATL,27,Shawn Collins,WR,False,0,1,11,11,49,0,1,1,1,1,0
1989,SF,28,Keith DeLong,LB,False,0,3,23,23,64,0,1,0,1,0,0
1990,IND,1,Jeff George,QB,False,0,9,66,16,131,0,1,0,0,0,0
1990,NYJ,2,Blair Thomas,RB,False,0,3,20,18,64,0,1,1,1,1,0
1990,SEA,3,Cortez Kennedy,DT,True,8,9,97,97,167,0,0,0,0,0,1
1990,TB,4,Keith McCants,DE,False,0,2,20,14,88,0,1,1,1,1,0
1990,LAC,5,Junior Seau,LB,True,12,16,133,125,268,0,0,0,0,0,1
1990,CHI,6,Mark Carrier,DB,False,3,11,66,48,168,0,0,0,0,0,1
1990,DET,7,Andre Ware,QB,False,0,0,5,5,14,0,1,1,1,1,0
1990,NE,8,Chris Singleton,LB,False,0,4,27,10,90,0,1,0,0,0,0
1990,MIA,9,Richmond Webb,T,False,7,12,102,99,184,0,0,0,0,0,1
1990,NE,10,Ray Agnew,DT,False,0,7,42,14,157,0,1,0,0,0,0
1990,LV,11,Anthony Smith,DE,False,0,3,27,27,98,0,1,0,1,0,0
1990,CIN,12,James Francis,LB,False,0,9,45,44,143,0,1,0,0,0,0
1990,KC,13,Percy Snow,LB,False,0,1,10,9,40,0,1,1,1,1,0
1990,NO,14,Renaldo Turnbull,DE,False,1,3,39,38,120,0,0,0,1,0,0
1990,TEN,15,Lamar Lathon,LB,False,1,6,49,18,115,0,0,0,0,0,1
1990,BUF,16,James Williams,DB,False,0,2,17,12,70,0,1,1,1,1,0
1990,DAL,17,Emmitt Smith,RB,True,8,14,129,126,226,0,0,0,0,0,1
1990,GB,18,Tony Bennett,DE,False,0,5,42,21,108,0,1,0,0,0,0
1990,GB,19,Darrell Thompson,RB,False,0,2,16,16,60,0,1,1,1,1,0
1990,ATL,20,Steve Broussard,RB,False,0,1,23,14,121,0,1,0,1,0,0
1990,PIT,21,Eric Green,TE,False,2,6,32,22,120,0,0,0,0,0,1
1990,PHI,22,Ben Smith,DB,False,0,3,17,11,57,0,1,1,1,1,0
1990,LAR,23,Bern Brostek,C,False,0,6,34,34,105,0,1,0,0,0,0
1990,NYG,24,Rodney Hampton,RB,False,2,6,54,54,104,0,0,0,0,0,1
1990,SF,25,Dexter Carter,RB,False,0,1,18,18,100,0,1,0,1,0,0
1991,DAL,1,Russell Maryland,DT,False,1,10,60,31,154,0,0,0,0,0,1
1991,CLE,2,Eric Turner,DB,False,2,7,49,33,109,0,0,0,0,0,1
1991,ATL,3,Bruce Pickens,DB,False,0,0,4,3,48,0,1,1,1,1,0
1991,DEN,4,Mike Croel,LB,False,0,6,34,24,102,0,1,0,0,0,0
1991,LAR,5,Todd Lyght,DB,False,1,11,60,52,175,0,0,0,0,0,1
1991,ARI,6,Eric Swann,DT,False,2,6,44,42,126,0,0,0,0,0,1
1991,TB,7,Charles McRae,T,False,0,2,18,17,84,0,1,1,1,1,0
1991,PHI,8,Antone Davis,T,False,0,6,35,31,97,0,1,0,0,0,0
1991,LAC,9,Stanley Richard,DB,False,0,8,40,17,124,0,1,0,0,0,0
1991,DET,10,Herman Moore,WR,False,4,8,78,78,146,0,0,0,0,0,1
1991,NE,11,Pat Harlow,T,False,0,6,34,22,105,0,1,0,0,0,0
1991,DAL,12,Alvin Harper,WR,False,0,4,37,30,102,0,1,0,0,0,0
1991,ATL,13,Mike Pritchard,WR,False,0,6,43,20,127,0,1,0,0,0,0
1991,NE,14,Leonard Russell,RB,False,0,5,26,14,85,0,1,0,0,0,0
1991,PIT,15,Huey Richardson,LB,False,0,0,1,0,16,0,1,1,1,1,0
1991,SEA,16,Dan McGwire,QB,False,0,0,2,2,13,0,1,1,1,1,0
1991,WAS,17,Bobby Wilson,DT,False,0,2,12,12,42,0,1,1,1,1,0
1991,CIN,18,Alfred Williams,DE,False,1,5,48,19,128,0,0,0,0,0,1
1991,GB,19,Vinnie Clark,DB,False,0,3,21,7,83,0,1,0,1,0,0
1991,DAL,20,Kelvin Pritchett,DT,False,0,4,34,0,208,0,1,0,0,0,0
1991,KC,21,Harvey Williams,RB,False,0,2,35,8,110,0,1,0,1,0,0
1991,CHI,22,Stan Thomas,T,False,0,0,7,5,56,0,1,1,1,1,0
1991,MIA,23,Randal Hill,WR,False,0,3,27,4,103,0,1,0,1,0,0
1991,LV,24,Todd Marinovich,QB,False,0,0,3,3,8,0,1,1,1,1,0
1991,SF,25,Ted Washington,NT,False,4,13,89,4,236,0,0,0,0,0,1
1991,BUF,26,Henry Jones,DB,False,1,8,55,53,158,0,0,0,0,0,1
1991,NYG,27,Jarrod Bunch,FB,False,0,2,7,7,48,0,1,1,1,1,0
1992,IND,1,Steve Emtman,DE,False,0,1,13,8,50,0,1,1,1,1,0
1992,IND,2,Quentin Coryatt,LB,False,0,4,31,30,82,0,1,0,0,0,0
1992,LAR,3,Sean Gilbert,DT,False,1,8,50,23,146,0,0,0,0,0,1
1992,WAS,4,Desmond Howard,WR,False,1,1,18,9,156,0,0,1,1,0,0
1992,GB,5,Terrell Buckley,DB,False,0,8,57,18,209,0,1,0,0,0,0
1992,CIN,6,David Klingler,QB,False,0,1,11,10,33,0,1,1,1,1,0
1992,MIA,7,Troy Vincent,DB,False,5,13,90,14,207,0,0,0,0,0,1
1992,ATL,8,Bob Whitfield,T,False,1,11,71,68,220,0,0,0,0,0,1
1992,CLE,9,Tommy Vardell,RB,False,0,4,19,11,87,0,1,1,0,0,0
1992,SEA,10,Ray Roberts,T,False,0,8,44,14,127,0,1,0,0,0,0
1992,PIT,11,Leon Searcy,T,False,1,7,54,18,126,0,0,0,0,0,1
1992,MIA,12,Marco Coleman,DE,False,1,12,72,22,207,0,0,0,0,0,1
1992,NE,13,Eugene Chung,G,False,0,2,13,11,55,0,1,1,1,1,0
1992,NYG,14,Derek Brown,TE,False,0,1,4,1,105,0,1,1,1,1,0
1992,NYJ,15,Johnny Mitchell,TE,False,0,2,17,17,57,0,1,1,1,1,0
1992,LV,16,Chester McGlockton,DT,False,4,10,79,55,179,0,0,0,0,0,1
1992,DAL,17,Kevin Smith,DB,False,0,6,38,38,103,0,1,0,0,0,0
1992,SF,18,Dana Hall,DB,False,0,2,19,12,91,0,1,1,1,1,0
1992,ATL,19,Tony Smith,RB,False,0,0,4,4,33,0,1,1,1,1,0
1992,KC,20,Dale Carter,DB,False,4,8,67,58,157,0,0,0,0,0,1
1992,NO,21,Vaughn Dunbar,RB,False,0,1,7,5,39,0,1,1,1,1,0
1992,CHI,22,Alonzo Spellman,DE,False,0,5,38,27,123,0,1,0,0,0,0
1992,LAC,23,Chris Mims,DE,False,0,4,34,31,104,0,1,0,0,0,0
1992,DAL,24,Robert Jones,LB,False,0,9,53,19,151,0,1,0,0,0,0
1992,DEN,25,Tommy Maddox,QB,False,0,2,24,2,92,0,1,0,1,0,0
1992,DET,26,Robert Porcher,DE,False,3,10,66,66,187,0,0,0,0,0,1
1992,BUF,27,John Fina,T,False,0,9,48,48,155,0,1,0,0,0,0
1992,CIN,28,Darryl Williams,DB,False,1,9,53,29,156,0,0,0,0,0,1
1993,NE,1,Drew Bledsoe,QB,False,4,12,105,74,194,0,0,0,0,0,1
1993,SEA,2,Rick Mirer,QB,False,0,5,33,28,80,0,1,0,0,0,0
1993,ARI,3,Garrison Hearst,RB,False,2,7,71,7,126,0,0,0,0,0,1
1993,NYJ,4,Marvin Jones,LB,False,0,9,52,52,142,0,1,0,0,0,0
1993,CIN,5,John Copeland,DE,False,0,7,37,37,107,0,1,0,0,0,0
1993,TB,6,Eric Curry,DE,False,0,3,19,18,75,0,1,1,1,1,0
1993,CHI,7,Curtis Conway,WR,False,0,10,62,36,167,0,1,0,0,0,0
1993,NO,8,Willie Roaf,T,True,11,12,111,66,189,0,0,0,0,0,1
1993,ATL,9,Lincoln Kennedy,T,False,3,9,74,8,169,0,0,0,0,0,1
1993,LAR,10,Jerome Bettis,RB,True,6,12,81,19,192,0,0,0,0,0,1
1993,DEN,11,Dan Williams,DE,False,0,2,30,15,87,0,1,0,1,0,0
1993,LV,12,Patrick Bates,DB,False,0,1,7,4,44,0,1,1,1,1,0
1993,TEN,13,Brad Hopkins,T,False,2,13,71,71,194,0,0,0,0,0,1
1993,CLE,14,Steve Everitt,C,False,0,6,36,20,103,0,1,0,0,0,0
1993,GB,15,Wayne Simmons,LB,False,0,4,33,24,90,0,1,0,0,0,0
1993,IND,16,Sean Dawkins,WR,False,0,7,48,28,140,0,1,0,0,0,0
1993,WAS,17,Tom Carter,DB,False,0,6,35,22,118,0,1,0,0,0,0
1993,ARI,18,Ernest Dye,T,False,0,2,10,10,50,0,1,1,1,1,0
1993,PHI,19,Lester Holmes,G,False,0,6,38,17,102,0,1,0,0,0,0
1993,NO,20,Irv Smith,TE,False,0,5,14,10,95,0,1,1,0,0,0
1993,MIN,21,Robert Smith,RB,False,2,6,60,60,98,0,0,0,0,0,1
1993,LAC,22,Darrien Gordon,DB,False,0,3,42,13,138,0,1,0,1,0,0
1993,PIT,23,Deon Figures,DB,False,0,2,21,13,93,0,1,0,1,0,0
1993,PHI,24,Leonard Renfro,DT,False,0,0,3,3,23,0,1,1,1,1,0
1993,MIA,25,O.J. McDuffie,WR,False,0,5,44,44,116,0,1,0,0,0,0
1993,SF,26,Dana Stubblefield,DT,False,3,9,69,55,154,0,0,0,0,0,1
1993,SF,27,Todd Kelly,LB,False,0,0,5,4,45,0,1,1,1,1,0
1993,BUF,28,Thomas Smith,DB,False,0,7,40,35,137,0,1,0,0,0,0
1993,GB,29,George Teague,DB,False,0,6,39,16,133,0,1,0,0,0,0
1994,CIN,1,Dan Wilkinson,DT,False,0,12,60,17,195,0,1,0,0,0,0
1994,IND,2,Marshall Faulk,RB,True,7,11,132,51,176,0,0,0,0,0,1
1994,WAS,3,Heath Shuler,QB,False,0,2,6,7,29,0,1,1,1,1,0
1994,NE,4,Willie McGinest,DE,False,2,13,76,68,212,0,0,0,0,0,1
1994,IND,5,Trev Alberts,LB,False,0,0,4,4,29,0,1,1,1,1,0
1994,TB,6,Trent Dilfer,QB,False,1,7,51,39,130,0,0,0,0,0,1
1994,SF,7,Bryant Young,DT,True,4,14,88,88,208,0,0,0,0,0,1
1994,SEA,8,Sam Adams,DT,False,3,12,77,22,206,0,0,0,0,0,1
1994,CLE,9,Antonio Langham,DB,False,0,4,29,13,102,0,1,0,0,0,0
1994,ARI,10,Jamir Miller,LB,False,1,7,44,21,121,0,0,0,0,0,1
1994,CHI,11,John Thierry,DE,False,0,6,33,14,131,0,1,0,0,0,0
1994,NYJ,12,Aaron Glenn,DB,False,3,11,71,49,205,0,0,0,0,0,1
1994,NO,13,Joe Johnson,DE,False,2,7,50,47,117,0,0,0,0,0,1
1994,PHI,14,Bernard Williams,T,False,0,1,8,8,16,0,1,1,1,1,0
1994,LAR,15,Wayne Gandy,T,False,0,13,68,22,219,0,1,0,0,0,0
1994,GB,16,Aaron Taylor,G,False,0,5,34,25,75,0,1,0,0,0,0
1994,PIT,17,Charles Johnson,WR,False,0,7,39,30,133,0,1,0,0,0,0
1994,MIN,18,Dewayne Washington,DB,False,0,11,63,20,191,0,1,0,0,0,0
1994,MIN,19,Todd Steussie,T,False,2,12,75,56,213,0,0,0,0,0,1
1994,MIA,20,Tim Bowens,DT,False,2,10,63,63,157,0,0,0,0,0,1
1994,DET,21,Johnnie Morton,WR,False,0,11,69,50,182,0,1,0,0,0,0
1994,LV,22,Rob Fredrickson,LB,False,0,9,42,20,128,0,1,0,0,0,0
1994,DAL,23,Shante Carver,DE,False,0,2,13,13,52,0,1,1,1,1,0
1994,NYG,24,Thomas Lewis,WR,False,0,1,9,9,34,0,1,1,1,1,0
1994,KC,25,Greg Hill,RB,False,0,2,24,18,79,0,1,0,1,0,0
1994,TEN,26,Henry Ford,DT,False,0,5,38,38,133,0,1,0,0,0,0
1994,BUF,27,Jeff Burris,DB,False,0,8,43,16,144,0,1,0,0,0,0
1994,SF,28,William Floyd,FB,False,0,7,22,18,90,0,1,0,0,0,0
1994,CLE,29,Derrick Alexander,WR,False,0,7,56,10,126,0,1,0,0,0,0
1995,CIN,1,Ki-Jana Carter,RB,False,0,0,11,9,59,0,1,1,1,1,0
1995,JAX,2,Tony Boselli,T,True,5,6,66,66,91,0,0,0,0,0,1
1995,TEN,3,Steve McNair,QB,False,3,10,99,93,161,0,0,0,0,0,1
1995,WAS,4,Michael Westbrook,WR,False,0,6,38,38,89,0,1,0,0,0,0
1995,CAR,5,Kerry Collins,QB,False,2,11,83,14,198,0,0,0,0,0,1
1995,LAR,6,Kevin Carter,DE,False,2,14,86,44,224,0,0,0,0,0,1
1995,PHI,7,Mike Mamula,DE,False,0,4,31,31,77,0,1,0,0,0,0
1995,SEA,8,Joey Galloway,WR,False,0,11,78,42,198,0,1,0,0,0,0
1995,NYJ,9,Kyle Brady,TE,False,0,13,26,6,197,0,1,0,0,0,0
1995,SF,10,J.J. Stokes,WR,False,0,3,40,40,118,0,1,0,1,0,0
1995,MIN,11,Derrick Alexander,DE,False,0,5,27,23,73,0,1,0,0,0,0
1995,TB,12,Warren Sapp,DT,True,7,13,117,104,198,0,0,0,0,0,1
1995,NO,13,Mark Fields,LB,False,2,8,53,34,136,0,0,0,0,0,1
1995,BUF,14,Ruben Brown,G,False,9,13,78,66,181,0,0,0,0,0,1
1995,IND,15,Ellis Johnson,DT,False,0,5,35,30,149,0,1,0,0,0,0
1995,NYJ,16,Hugh Douglas,DE,False,3,7,68,12,138,0,0,0,0,0,1
1995,NYG,17,Tyrone Wheatley,RB,False,0,4,39,8,124,0,1,0,0,0,0
1995,LV,18,Napoleon Kaufman,RB,False,0,3,39,39,91,0,1,0,1,0,0
1995,JAX,19,James Stewart,RB,False,0,6,46,23,101,0,1,0,0,0,0
1995,DET,20,Luther Elliss,DT,False,2,8,51,51,134,0,0,0,0,0,1
1995,CHI,21,Rashaan Salaam,RB,False,0,1,13,13,33,0,1,1,1,1,0
1995,CAR,22,Tyrone Poole,DB,False,0,7,43,22,144,0,1,0,0,0,0
1995,NE,23,Ty Law,DB,True,5,12,88,70,203,0,0,0,0,0,1
1995,MIN,24,Korey Stringer,T,False,1,6,45,45,93,0,0,0,0,0,1
1995,MIA,25,Billy Milner,T,False,0,1,7,6,30,0,1,1,1,1,0
1995,ATL,26,Devin Bush Sr.,DB,False,0,4,27,12,116,0,1,0,0,0,0
1995,PIT,27,Mark Bruener,TE,False,0,10,10,9,188,0,1,1,0,0,0
1995,TB,28,Derrick Brooks,LB,True,11,14,142,142,224,0,0,0,0,0,1
1995,CAR,29,Blake Brockermeyer,T,False,0,7,40,21,136,0,1,0,0,0,0
1995,CLE,30,Craig Powell,LB,False,0,0,0,0,14,0,1,1,1,1,0
1995,KC,31,Trezelle Jenkins,T,False,0,0,1,1,9,0,1,1,1,1,0
1995,GB,32,Craig Newsome,DB,False,0,3,18,17,53,0,1,0,1,0,0
1996,NYJ,1,Keyshawn Johnson,WR,False,3,11,79,35,167,0,0,0,0,0,1
1996,JAX,2,Kevin Hardy,LB,False,1,9,62,46,134,0,0,0,0,0,1
1996,ARI,3,Simeon Rice,DE,False,3,11,86,26,174,0,0,0,0,0,1
1996,BAL,4,Jonathan Ogden,T,True,11,12,95,95,177,0,0,0,0,0,1
1996,NYG,5,Cedric Jones,DE,False,0,2,20,20,73,0,1,1,1,1,0
1996,LAR,6,Lawrence Phillips,RB,False,0,2,11,9,35,0,1,1,1,1,0
1996,NE,7,Terry Glenn,WR,False,1,9,67,36,137,0,0,0,0,0,1
1996,CAR,8,Tim Biakabutuka,RB,False,0,2,26,26,50,0,1,0,1,0,0
1996,LV,9,Rickey Dudley,TE,False,0,5,25,23,108,0,1,0,0,0,0
1996,CIN,10,Willie Anderson,T,False,4,12,93,91,195,0,0,0,0,0,1
1996,NO,11,Alex Molden,DB,False,0,3,24,16,98,0,1,0,1,0,0
1996,TB,12,Regan Upshaw,DE,False,0,4,36,23,110,0,1,0,0,0,0
1996,CHI,13,Walt Harris,DB,False,1,12,59,30,193,0,0,0,0,0,1
1996,TEN,14,Eddie George,RB,False,4,8,76,74,141,0,0,0,0,0,1
1996,DEN,15,John Mobley,LB,False,0,6,52,52,105,0,1,0,0,0,0
1996,MIN,16,Duane Clemons,DE,False,0,5,39,10,142,0,1,0,0,0,0
1996,DET,17,Reggie Brown,LB,False,0,2,11,11,26,0,1,1,1,1,0
1996,LAR,18,Eddie Kennison,WR,False,0,12,69,12,179,0,1,0,0,0,0
1996,IND,19,Marvin Harrison,WR,True,8,12,123,123,190,0,0,0,0,0,1
1996,MIA,20,Daryl Gardener,DT,False,0,7,42,34,102,0,1,0,0,0,0
1996,SEA,21,Pete Kendall,G,False,0,13,63,31,189,0,1,0,0,0,0
1996,TB,22,Marcus Jones,DE,False,0,2,22,22,85,0,1,0,1,0,0
1996,DET,23,Jeff Hartings,C,False,2,11,70,24,162,0,0,0,0,0,1
1996,BUF,24,Eric Moulds,WR,False,3,11,78,73,186,0,0,0,0,0,1
1996,PHI,25,Jermane Mayberry,G,False,1,6,46,44,123,0,0,0,0,0,1
1996,BAL,26,Ray Lewis,LB,True,12,14,160,160,228,0,0,0,0,0,1
1996,GB,27,John Michels,T,False,0,1,9,9,24,0,1,1,1,1,0
1996,KC,28,Jerome Woods,DB,False,1,7,43,43,128,0,0,0,0,0,1
1996,PIT,29,Jamain Stephens,T,False,0,1,7,5,40,0,1,1,1,1,0
1996,WAS,30,Andre Johnson,T,False,0,0,0,0,3,0,1,1,1,1,0
1997,LAR,1,Orlando Pace,T,True,7,12,104,101,169,0,0,0,0,0,1
1997,LV,2,Darrell Russell,DT,False,2,5,44,43,83,0,0,0,0,0,1
1997,SEA,3,Shawn Springs,DB,False,1,10,58,32,169,0,0,0,0,0,1
1997,BAL,4,Peter Boulware,LB,False,4,7,59,59,126,0,0,0,0,0,1
1997,DET,5,Bryant Westbrook,DB,False,0,3,24,23,71,0,1,1,1,1,0
1997,SEA,6,Walter Jones,T,True,9,12,98,98,180,0,0,0,0,0,1
1997,NYG,7,Ike Hilliard,WR,False,0,8,43,32,161,0,1,0,0,0,0
1997,NYJ,8,James Farrior,LB,False,2,12,95,15,230,0,0,0,0,0,1
1997,ARI,9,Tom Knight,DB,False,0,3,17,17,73,0,1,1,1,1,0
1997,NO,10,Chris Naeole,G,False,0,9,61,20,154,0,1,0,0,0,0
1997,ATL,11,Michael Booker,DB,False,0,0,9,7,73,0,1,1,1,1,0
1997,TB,12,Warrick Dunn,RB,False,3,10,96,55,181,0,0,0,0,0,1
1997,KC,13,Tony Gonzalez,TE,True,14,16,95,74,270,0,0,0,0,0,1
1997,CIN,14,Reinard Wilson,LB,False,0,1,14,14,93,0,1,1,1,1,0
1997,MIA,15,Yatil Green,WR,False,0,0,2,2,8,0,1,1,1,1,0
1997,TB,16,Reidel Anthony,WR,False,0,2,22,22,73,0,1,0,1,0,0
1997,WAS,17,Kenard Lang,DE,False,0,8,51,24,153,0,1,0,0,0,0
1997,TEN,18,Kenny Holmes,DE,False,0,5,40,19,98,0,1,0,0,0,0
1997,IND,19,Tarik Glenn,T,False,3,10,87,87,154,0,0,0,0,0,1
1997,MIN,20,Dwayne Rudd,LB,False,0,5,40,25,109,0,1,0,0,0,0
1997,JAX,21,Renaldo Wynn,DE,False,0,9,55,25,182,0,1,0,0,0,0
1997,DAL,22,David LaFleur,TE,False,0,3,7,7,60,0,1,1,1,1,0
1997,BUF,23,Antowain Smith,RB,False,0,4,48,18,131,0,1,0,0,0,0
1997,PIT,24,Chad Scott,DB,False,0,5,41,38,108,0,1,0,0,0,0
1997,PHI,25,Jon Harris,DE,False,0,0,5,5,24,0,1,1,1,1,0
1997,SF,26,Jim Druckenmiller,QB,False,0,0,1,1,6,0,1,1,1,1,0
1997,CAR,27,Rae Carruth,WR,False,0,1,8,8,22,0,1,1,1,1,0
1997,DEN,28,Trevor Pryce,DT,False,4,9,80,63,187,0,0,0,0,0,1
1997,NE,29,Chris Canty,DB,False,0,1,9,6,61,0,1,1,1,1,0
1997,GB,30,Ross Verba,T,False,0,8,42,24,113,0,1,0,0,0,0
1998,IND,1,Peyton Manning,QB,True,14,17,176,147,266,0,0,0,0,0,1
1998,LAC,2,Ryan Leaf,QB,False,0,1,1,0,25,0,1,1,1,1,0
1998,ARI,3,Andre Wadsworth,DE,False,0,2,12,12,36,0,1,1,1,1,0
1998,LV,4,Charles Woodson,DB,True,9,16,115,56,254,0,0,0,0,0,1
1998,CHI,5,Curtis Enis,RB,False,0,2,10,10,36,0,1,1,1,1,0
1998,LAR,6,Grant Wistrom,DE,False,0,8,54,39,132,0,1,0,0,0,0
1998,NO,7,Kyle Turley,T,False,0,6,52,40,109,0,1,0,0,0,0
1998,DAL,8,Greg Ellis,DE,False,1,12,68,65,176,0,0,0,0,0,1
1998,JAX,9,Fred Taylor,RB,False,1,9,88,86,153,0,0,0,0,0,1
1998,BAL,10,Duane Starks,DB,False,0,4,33,25,97,0,1,0,0,0,0
1998,PHI,11,Tra Thomas,T,False,3,11,72,71,174,0,0,0,0,0,1
1998,ATL,12,Keith Brooking,LB,False,5,12,81,66,225,0,0,0,0,0,1
1998,CIN,13,Takeo Spikes,LB,False,2,14,83,23,219,0,0,0,0,0,1
1998,CAR,14,Jason Peter,DE,False,0,2,10,10,38,0,1,1,1,1,0
1998,SEA,15,Anthony Simmons,LB,False,0,4,34,34,87,0,1,0,0,0,0
1998,TEN,16,Kevin Dyson,WR,False,0,3,22,22,59,0,1,0,1,0,0
1998,CIN,17,Brian Simmons,LB,False,0,8,42,41,137,0,1,0,0,0,0
1998,NE,18,Robert Edwards,RB,False,0,1,13,11,28,0,1,1,1,1,0
1998,GB,19,Vonnie Holliday,DE,False,0,9,63,30,214,0,1,0,0,0,0
1998,DET,20,Terry Fair,DB,False,0,4,21,21,60,0,1,0,0,0,0
1998,MIN,21,Randy Moss,WR,True,6,12,124,82,218,0,0,0,0,0,1
1998,NE,22,Tebucky Jones,DB,False,0,5,27,14,109,0,1,0,0,0,0
1998,LV,23,Mo Collins,G,False,0,5,29,29,71,0,1,0,0,0,0
1998,NYG,24,Shaun Williams,DB,False,0,5,31,27,104,0,1,0,0,0,0
1998,JAX,25,Donovin Darius,DB,False,0,8,45,44,118,0,1,0,0,0,0
1998,PIT,26,Alan Faneca,G,True,9,13,108,92,206,0,0,0,0,0,1
1998,KC,27,Victor Riley,T,False,0,5,40,24,111,0,1,0,0,0,0
1998,SF,28,R.W. McQuarters,DB,False,0,4,37,5,156,0,1,0,0,0,0
1998,MIA,29,John Avery,RB,False,0,0,4,4,29,0,1,1,1,1,0
1998,DEN,30,Marcus Nash,WR,False,0,0,1,1,11,0,1,1,1,1,0
1999,CLE,1,Tim Couch,QB,False,0,3,30,30,62,0,1,0,1,0,0
1999,PHI,2,Donovan McNabb,QB,False,6,11,107,101,167,0,0,0,0,0,1
1999,CIN,3,Akili Smith,QB,False,0,1,2,2,22,0,1,1,1,1,0
1999,IND,4,Edgerrin James,RB,True,4,9,113,98,148,0,0,0,0,0,1
1999,NO,5,Ricky Williams,RB,False,1,5,77,26,147,0,0,0,0,0,1
1999,LAR,6,Torry Holt,WR,False,7,11,99,96,173,0,0,0,0,0,1
1999,WAS,7,Champ Bailey,DB,True,12,14,117,36,215,0,0,0,0,0,1
1999,ARI,8,David Boston,WR,False,1,3,38,29,75,0,0,0,1,0,0
1999,DET,9,Chris Claiborne,LB,False,0,7,34,25,105,0,1,0,0,0,0
1999,BAL,10,Chris McAlister,DB,False,3,9,70,70,137,0,0,0,0,0,1
1999,MIN,11,Daunte Culpepper,QB,False,3,5,86,80,105,0,0,0,0,0,1
1999,CHI,12,Cade McNown,QB,False,0,1,8,8,25,0,1,1,1,1,0
1999,PIT,13,Troy Edwards,WR,False,0,1,19,11,92,0,1,1,1,1,0
1999,KC,14,John Tait,T,False,0,9,51,31,148,0,1,0,0,0,0
1999,TB,15,Anthony McFarland,DT,False,0,7,43,39,109,0,1,0,0,0,0
1999,TEN,16,Jevon Kearse,DE,False,3,8,68,54,133,0,0,0,0,0,1
1999,NE,17,Damien Woody,C,False,1,11,59,35,173,0,0,0,0,0,1
1999,LV,18,Matt Stinchcomb,G,False,0,2,21,14,65,0,1,0,1,0,0
1999,NYG,19,Luke Petitgout,T,False,0,8,44,43,117,0,1,0,0,0,0
1999,DAL,20,Ebenezer Ekuban,DE,False,0,5,37,19,122,0,1,0,0,0,0
1999,ARI,21,L.J. Shelton,T,False,0,8,43,24,146,0,1,0,0,0,0
1999,SEA,22,Lamar King,DE,False,0,3,16,16,57,0,1,1,1,1,0
1999,BUF,23,Antoine Winfield,DB,False,3,12,62,17,191,0,0,0,0,0,1
1999,SF,24,Reggie McGrew,DT,False,0,0,1,1,24,0,1,1,1,1,0
1999,GB,25,Antuan Edwards,DB,False,0,1,15,10,71,0,1,1,1,1,0
1999,JAX,26,Fernando Bryant,DB,False,0,8,38,28,112,0,1,0,0,0,0
1999,DET,27,Aaron Gibson,T,False,0,2,14,7,38,0,1,1,1,1,0
1999,NE,28,Andy Katzenmoyer,LB,False,0,1,8,8,24,0,1,1,1,1,0
1999,MIN,29,Dimitrius Underwood,DT,False,0,0,1,0,19,0,1,1,1,1,0
1999,ATL,30,Patrick Kerney,DE,False,2,9,67,45,159,0,0,0,0,0,1
1999,DEN,31,Al Wilson,LB,False,5,8,67,67,125,0,0,0,0,0,1
2000,CLE,1,Courtney Brown,DE,False,0,4,27,21,61,0,1,1,0,0,0
2000,WAS,2,LaVar Arrington,LB,False,3,5,46,45,85,0,0,0,0,0,1
2000,WAS,3,Chris Samuels,T,False,6,9,63,63,141,0,0,0,0,0,1
2000,CIN,4,Peter Warrick,WR,False,0,4,27,25,79,0,1,0,0,0,0
2000,BAL,5,Jamal Lewis,RB,False,1,9,69,53,131,0,0,0,0,0,1
2000,PHI,6,Corey Simon,DT,False,1,6,45,41,95,0,0,0,0,0,1
2000,ARI,7,Thomas Jones,RB,False,1,9,62,7,180,0,0,0,0,0,1
2000,PIT,8,Plaxico Burress,WR,False,0,10,70,34,148,0,1,0,0,0,0
2000,CHI,9,Brian Urlacher,LB,True,8,12,119,119,182,0,0,0,0,0,1
2000,BAL,10,Travis Taylor,WR,False,0,7,30,23,101,0,1,0,0,0,0
2000,NYG,11,Ron Dayne,RB,False,0,1,23,10,96,0,1,0,1,0,0
2000,NYJ,12,Shaun Ellis,DE,False,2,11,70,68,184,0,0,0,0,0,1
2000,NYJ,13,John Abraham,DE,False,5,11,91,37,192,0,0,0,0,0,1
2000,GB,14,Bubba Franks,TE,False,3,6,20,19,122,0,0,1,0,0,0
2000,DEN,15,Deltha O'Neal,DB,False,2,6,45,22,132,0,0,0,0,0,1
2000,SF,16,Julian Peterson,LB,False,5,9,69,36,158,0,0,0,0,0,1
2000,LV,17,Sebastian Janikowski,K,False,1,0,41,40,284,0,0,0,1,0,0
2000,NYJ,18,Chad Pennington,QB,False,0,5,55,41,89,0,1,0,0,0,0
2000,SEA,19,Shaun Alexander,RB,False,3,7,68,68,123,0,0,0,0,0,1
2000,DET,20,Stockar McDougle,T,False,0,3,23,21,81,0,1,0,1,0,0
2000,KC,21,Sylvester Morris,WR,False,0,1,6,6,15,0,1,1,1,1,0
2000,SEA,22,Chris McIntosh,T,False,0,1,8,8,24,0,1,1,1,1,0
2000,CAR,23,Rashard Anderson,DB,False,0,1,6,6,27,0,1,1,1,1,0
2000,SF,24,Ahmed Plummer,DB,False,0,5,24,24,70,0,1,0,0,0,0
2000,MIN,25,Chris Hovan,DT,False,0,10,56,23,156,0,1,0,0,0,0
2000,BUF,26,Erik Flowers,DE,False,0,0,6,4,58,0,1,1,1,1,0
2000,NYJ,27,Anthony Becht,TE,False,0,9,12,10,167,0,1,1,0,0,0
2000,IND,28,Rob Morris,LB,False,0,4,24,24,99,0,1,0,0,0,0
2000,JAX,29,R. Jay Soward,WR,False,0,0,2,2,13,0,1,1,1,1,0
2000,TEN,30,Keith Bulluck,LB,False,1,9,74,71,170,0,0,0,0,0,1
2000,LAR,31,Trung Canidate,RB,False,0,1,11,6,46,0,1,1,1,1,0
2001,ATL,1,Michael Vick,QB,False,4,7,92,60,143,0,0,0,0,0,1
2001,ARI,2,Leonard Davis,T,False,3,10,66,27,171,0,0,0,0,0,1
2001,CLE,3,Gerard Warren,DT,False,0,9,49,25,163,0,1,0,0,0,0
2001,CIN,4,Justin Smith,DE,False,5,14,101,27,221,0,0,0,0,0,1
2001,LAC,5,LaDainian Tomlinson,RB,True,5,10,129,121,170,0,0,0,0,0,1
2001,NE,6,Richard Seymour,DE,True,7,11,91,73,164,0,0,0,0,0,1
2001,SF,7,Andre Carter,DE,False,1,10,59,22,184,0,0,0,0,0,1
2001,CHI,8,David Terrell,WR,False,0,1,11,11,54,0,1,1,1,1,0
2001,SEA,9,Koren Robinson,WR,False,1,4,35,30,96,0,0,0,0,0,1
2001,GB,10,Jamal Reynolds,DE,False,0,0,3,3,18,0,1,1,1,1,0
2001,CAR,11,Dan Morgan,LB,False,1,5,30,30,59,0,0,0,0,0,1
2001,LAR,12,Damione Lewis,DT,False,0,3,32,13,141,0,1,0,1,0,0
2001,JAX,13,Marcus Stroud,DT,False,3,9,67,50,146,0,0,0,0,0,1
2001,TB,14,Kenyatta Walker,T,False,0,5,29,29,75,0,1,0,0,0,0
2001,WAS,15,Rod Gardner,WR,False,0,4,25,23,91,0,1,0,0,0,0
2001,NYJ,16,Santana Moss,WR,False,1,9,72,23,197,0,0,0,0,0,1
2001,SEA,17,Steve Hutchinson,G,True,7,11,94,43,169,0,0,0,0,0,1
2001,DET,18,Jeff Backus,T,False,0,12,61,61,191,0,1,0,0,0,0
2001,PIT,19,Casey Hampton,NT,False,5,11,73,73,173,0,0,0,0,0,1
2001,LAR,20,Adam Archuleta,DB,False,0,7,31,26,103,0,1,0,0,0,0
2001,BUF,21,Nate Clements,DB,False,1,11,61,39,180,0,0,0,0,0,1
2001,NYG,22,Will Allen,DB,False,0,8,41,24,140,0,1,0,0,0,0
2001,NO,23,Deuce McAllister,RB,False,2,4,55,55,97,0,0,0,0,0,1
2001,DEN,24,Willie Middlebrooks,DB,False,0,0,4,4,56,0,1,1,1,1,0
2001,PHI,25,Freddie Mitchell,WR,False,0,1,13,13,63,0,1,1,1,1,0
2001,MIA,26,Jamar Fletcher,DB,False,0,0,9,4,105,0,1,1,1,1,0
2001,MIN,27,Michael Bennett,RB,False,1,3,34,29,107,0,0,0,1,0,0
2001,LV,28,Derrick Gibson,DB,False,0,2,13,13,69,0,1,1,1,1,0
2001,LAR,29,Ryan Pickett,DT,False,0,13,58,22,207,0,1,0,0,0,0
2001,IND,30,Reggie Wayne,WR,False,6,13,116,116,211,0,0,0,0,0,1
2001,BAL,31,Todd Heap,TE,False,2,8,43,42,145,0,0,0,0,0,1
2002,HOU,1,David Carr,QB,False,0,5,45,42,94,0,1,0,0,0,0
2002,CAR,2,Julius Peppers,DE,True,9,16,130,75,266,0,0,0,0,0,1
2002,DET,3,Joey Harrington,QB,False,0,6,31,23,81,0,1,0,0,0,0
2002,BUF,4,Mike Williams,T,False,0,4,24,21,59,0,1,1,0,0,0
2002,LAC,5,Quentin Jammer,DB,False,0,10,52,51,183,0,1,0,0,0,0
2002,KC,6,Ryan Sims,DT,False,0,3,22,14,105,0,1,1,1,1,0
2002,MIN,7,Bryant McKinnie,T,False,1,11,64,52,179,0,0,0,0,0,1
2002,DAL,8,Roy Williams,DB,False,5,7,59,54,114,0,0,0,0,0,1
2002,JAX,9,John Henderson,DT,False,2,8,64,62,146,0,0,0,0,0,1
2002,CIN,10,Levi Jones,T,False,0,7,42,39,103,0,1,0,0,0,0
2002,IND,11,Dwight Freeney,DE,True,7,11,81,77,218,0,0,0,0,0,1
2002,ARI,12,Wendell Bryant,DT,False,0,0,4,4,29,0,1,1,1,1,0
2002,NO,13,Donte' Stallworth,WR,False,0,4,39,22,115,0,1,0,0,0,0
2002,NYG,14,Jeremy Shockey,TE,False,4,10,48,35,136,0,0,0,0,0,1
2002,TEN,15,Albert Haynesworth,DT,False,2,7,55,48,123,0,0,0,0,0,1
2002,CLE,16,William Green,RB,False,0,3,14,14,46,0,1,1,1,1,0
2002,LV,17,Phillip Buchanon,DB,False,0,5,34,15,122,0,1,0,0,0,0
2002,ATL,18,T.J. Duckett,RB,False,0,1,22,18,93,0,1,0,1,0,0
2002,DEN,19,Ashley Lelie,WR,False,0,4,35,30,107,0,1,0,0,0,0
2002,GB,20,Javon Walker,WR,False,1,3,40,25,83,0,0,0,1,0,0
2002,NE,21,Daniel Graham,TE,False,0,7,19,13,148,0,1,0,0,0,0
2002,NYJ,22,Bryan Thomas,DE,False,0,7,49,49,157,0,1,0,0,0,0
2002,LV,23,Napoleon Harris,LB,False,0,6,33,14,100,0,1,0,0,0,0
2002,BAL,24,Ed Reed,DB,True,9,11,102,100,174,0,0,0,0,0,1
2002,NO,25,Charles Grant,DE,False,0,7,46,46,118,0,1,0,0,0,0
2002,PHI,26,Lito Sheppard,DB,False,2,7,48,42,126,0,0,0,0,0,1
2002,SF,27,Mike Rumph,DB,False,0,1,8,8,43,0,1,1,1,1,0
2002,SEA,28,Jerramy Stevens,TE,False,0,2,18,13,121,0,1,0,1,0,0
2002,CHI,29,Marc Colombo,T,False,0,6,42,2,111,0,1,0,0,0,0
2002,PIT,30,Kendall Simmons,G,False,0,5,35,34,84,0,1,0,0,0,0
2002,LAR,31,Robert Thomas,LB,False,0,5,21,13,84,0,1,0,0,0,0
2002,WAS,32,Patrick Ramsey,QB,False,0,1,14,13,37,0,1,1,1,1,0
2003,CIN,1,Carson Palmer,QB,False,3,12,107,60,182,0,0,0,0,0,1
2003,DET,2,Charles Rogers,WR,False,0,0,4,4,15,0,1,1,1,1,0
2003,HOU,3,Andre Johnson,WR,True,7,12,94,92,193,0,0,0,0,0,1
2003,NYJ,4,Dewayne Robertson,DT,False,0,6,34,31,92,0,1,0,0,0,0
2003,DAL,5,Terence Newman,DB,False,2,15,70,52,221,0,0,0,0,0,1
2003,NO,6,Johnathan Sullivan,DT,False,0,1,10,10,36,0,1,1,1,1,0
2003,JAX,7,Byron Leftwich,QB,False,0,3,33,30,60,0,1,0,1,0,0
2003,CAR,8,Jordan Gross,T,False,3,11,69,69,167,0,0,0,0,0,1
2003,MIN,9,Kevin Williams,DT,False,6,12,102,98,203,0,0,0,0,0,1
2003,BAL,10,Terrell Suggs,LB,False,7,15,110,107,244,0,0,0,0,0,1
2003,SEA,11,Marcus Trufant,DB,False,1,8,49,49,136,0,0,0,0,0,1
2003,LAR,12,Jimmy Kennedy,DT,False,0,2,16,12,92,0,1,1,1,1,0
2003,NE,13,Ty Warren,DE,False,0,6,45,45,106,0,1,0,0,0,0
2003,CHI,14,Michael Haynes,DE,False,0,0,8,8,43,0,1,1,1,1,0
2003,PHI,15,Jerome McDougle,DE,False,0,0,3,3,37,0,1,1,1,1,0
2003,PIT,16,Troy Polamalu,DB,True,8,10,96,96,158,0,0,0,0,0,1
2003,ARI,17,Bryant Johnson,WR,False,0,4,26,18,139,0,1,0,0,0,0
2003,ARI,18,Calvin Pace,DE,False,0,10,61,13,187,0,1,0,0,0,0
2003,BAL,19,Kyle Boller,QB,False,0,4,16,17,67,0,1,1,0,0,0
2003,DEN,20,George Foster,T,False,0,4,31,26,68,0,1,0,0,0,0
2003,CLE,21,Jeff Faine,C,False,0,8,45,11,125,0,1,0,0,0,0
2003,CHI,22,Rex Grossman,QB,False,0,3,23,16,54,0,1,0,1,0,0
2003,BUF,23,Willis McGahee,RB,False,2,7,56,26,142,0,0,0,0,0,1
2003,IND,24,Dallas Clark,TE,False,1,9,51,47,143,0,0,0,0,0,1
2003,NYG,25,William Joseph,DT,False,0,1,11,11,69,0,1,1,1,1,0
2003,SF,26,Kwame Harris,T,False,0,3,22,19,86,0,1,0,1,0,0
2003,KC,27,Larry Johnson,RB,False,2,4,51,50,85,0,0,0,0,0,1
2003,TEN,28,Andre Woolfolk,DB,False,0,0,6,6,39,0,1,1,1,1,0
2003,GB,29,Nick Barnett,LB,False,0,9,60,50,153,0,1,0,0,0,0
2003,LAC,30,Sammy Davis,DB,False,0,2,12,11,71,0,1,1,1,1,0
2003,LV,31,Nnamdi Asomugha,DB,False,3,8,64,56,157,0,0,0,0,0,1
2003,LV,32,Tyler Brayton,DE,False,0,6,40,17,141,0,1,0,0,0,0
2004,LAC,1,Eli Manning,QB,False,4,14,121,0,236,0,0,0,0,0,1
2004,LV,2,Robert Gallery,T,False,0,7,38,35,104,0,1,0,0,0,0
2004,ARI,3,Larry Fitzgerald,WR,True,11,17,93,93,263,0,0,0,0,0,1
2004,NYG,4,Philip Rivers,QB,False,8,15,150,0,247,0,0,0,0,0,1
2004,WAS,5,Sean Taylor,DB,False,2,4,32,32,55,0,0,0,0,0,1
2004,CLE,6,Kellen Winslow,TE,False,1,5,37,19,105,0,0,0,0,0,1
2004,DET,7,Roy Williams,WR,False,1,7,42,30,115,0,0,0,0,0,1
2004,ATL,8,DeAngelo Hall,DB,False,3,10,61,28,171,0,0,0,0,0,1
2004,JAX,9,Reggie Williams,WR,False,0,3,23,23,79,0,1,0,1,0,0
2004,HOU,10,Dunta Robinson,DB,False,0,8,41,23,139,0,1,0,0,0,0
2004,PIT,11,Ben Roethlisberger,QB,False,6,17,131,131,249,0,0,0,0,0,1
2004,NYJ,12,Jonathan Vilma,LB,False,3,8,56,25,125,0,0,0,0,0,1
2004,BUF,13,Lee Evans,WR,False,0,7,47,47,118,0,1,0,0,0,0
2004,CHI,14,Tommie Harris,DT,False,3,6,56,55,117,0,0,0,0,0,1
2004,TB,15,Michael Clayton,WR,False,0,5,22,22,95,0,1,0,0,0,0
2004,PHI,16,Shawn Andrews,G,False,2,3,35,32,63,0,0,0,1,0,0
2004,DEN,17,D.J. Williams,LB,False,0,9,48,45,145,0,1,0,0,0,0
2004,NO,18,Will Smith,DE,False,1,7,52,52,139,0,0,0,0,0,1
2004,MIA,19,Vernon Carey,T,False,0,7,44,44,121,0,1,0,0,0,0
2004,MIN,20,Kenechi Udeze,DE,False,0,3,20,20,51,0,1,0,1,0,0
2004,NE,21,Vince Wilfork,NT,False,5,11,90,81,189,0,0,0,0,0,1
2004,BUF,22,J.P. Losman,QB,False,0,1,19,19,45,0,1,0,1,0,0
2004,SEA,23,Marcus Tubbs,DT,False,0,1,9,9,29,0,1,1,1,1,0
2004,LAR,24,Steven Jackson,RB,False,3,10,75,68,160,0,0,0,0,0,1
2004,GB,25,Ahmad Carroll,DB,False,0,2,14,13,57,0,1,1,1,1,0
2004,CIN,26,Chris Perry,RB,False,0,0,9,9,35,0,1,1,1,1,0
2004,HOU,27,Jason Babin,LB,False,2,5,46,9,148,0,0,0,0,0,1
2004,CAR,28,Chris Gamble,DB,False,0,8,44,44,123,0,1,0,0,0,0
2004,ATL,29,Michael Jenkins,WR,False,0,6,39,33,130,0,1,0,0,0,0
2004,DET,30,Kevin Jones,RB,False,0,4,27,26,64,0,1,0,0,0,0
2004,SF,31,Rashaun Woods,WR,False,0,0,1,1,14,0,1,1,1,1,0
2004,NE,32,Ben Watson,TE,False,0,11,40,19,205,0,1,0,0,0,0
2005,SF,1,Alex Smith,QB,False,3,14,98,28,174,0,0,0,0,0,1
2005,MIA,2,Ronnie Brown,RB,False,1,6,41,36,132,0,0,0,0,0,1
2005,CLE,3,Braylon Edwards,WR,False,1,5,41,27,112,0,0,0,0,0,1
2005,CHI,4,Cedric Benson,RB,False,0,6,36,10,96,0,1,0,0,0,0
2005,TB,5,Cadillac Williams,RB,False,0,4,28,27,81,0,1,0,0,0,0
2005,TEN,6,Adam Jones,DB,False,1,6,50,13,146,0,0,0,0,0,1
2005,MIN,7,Troy Williamson,WR,False,0,1,8,8,49,0,1,1,1,1,0
2005,ARI,8,Antrel Rolle,DB,False,3,9,57,20,155,0,0,0,0,0,1
2005,WAS,9,Carlos Rogers,DB,False,1,7,47,26,133,0,0,0,0,0,1
2005,DET,10,Mike Williams,WR,False,0,2,12,4,56,0,1,1,1,1,0
2005,DAL,11,DeMarcus Ware,LB,True,9,11,100,88,178,0,0,0,0,0,1
2005,LAC,12,Shawne Merriman,LB,False,3,4,40,38,75,0,0,0,0,0,1
2005,NO,13,Jammal Brown,T,False,2,6,49,39,85,0,0,0,0,0,1
2005,CAR,14,Thomas Davis,LB,False,3,12,80,74,199,0,0,0,0,0,1
2005,KC,15,Derrick Johnson,LB,False,4,11,80,79,188,0,0,0,0,0,1
2005,HOU,16,Travis Johnson,DT,False,0,3,17,15,76,0,1,1,1,1,0
2005,CIN,17,David Pollack,LB,False,0,0,3,3,16,0,1,1,1,1,0
2005,MIN,18,Erasmus James,DE,False,0,1,6,6,28,0,1,1,1,1,0
2005,LAR,19,Alex Barron,T,False,0,5,27,27,87,0,1,0,0,0,0
2005,DAL,20,Marcus Spears,DE,False,0,6,36,35,124,0,1,0,0,0,0
2005,JAX,21,Matt Jones,WR,False,0,1,22,22,54,0,1,0,1,0,0
2005,BAL,22,Mark Clayton,WR,False,0,5,28,26,83,0,1,0,0,0,0
2005,LV,23,Fabian Washington,DB,False,0,4,20,9,81,0,1,0,0,0,0
2005,GB,24,Aaron Rodgers,QB,False,10,16,169,161,264,0,0,0,0,0,1
2005,WAS,25,Jason Campbell,QB,False,0,5,48,34,90,0,1,0,0,0,0
2005,SEA,26,Chris Spencer,C,False,0,6,38,29,137,0,1,0,0,0,0
2005,ATL,27,Roddy White,WR,False,4,10,88,88,171,0,0,0,0,0,1
2005,LAC,28,Luis Castillo,DE,False,0,6,33,33,82,0,1,0,0,0,0
2005,IND,29,Marlin Jackson,DB,False,0,2,14,14,56,0,1,1,1,1,0
2005,PIT,30,Heath Miller,TE,False,2,11,45,45,168,0,0,0,0,0,1
2005,PHI,31,Mike Patterson,DT,False,0,6,48,44,147,0,1,0,0,0,0
2005,NE,32,Logan Mankins,G,False,7,11,102,94,161,0,0,0,0,0,1
2006,HOU,1,Mario Williams,DE,False,4,9,79,36,158,0,0,0,0,0,1
2006,NO,2,Reggie Bush,RB,False,0,8,61,34,134,0,1,0,0,0,0
2006,TEN,3,Vince Young,QB,False,2,4,33,31,60,0,0,0,0,0,1
2006,NYJ,4,D'Brickashaw Ferguson,T,False,3,10,58,58,160,0,0,0,0,0,1
2006,GB,5,A.J. Hawk,LB,False,1,10,55,52,159,0,0,0,0,0,1
2006,SF,6,Vernon Davis,TE,False,2,11,51,42,198,0,0,0,0,0,1
2006,LV,7,Michael Huff,DB,False,0,6,33,33,118,0,1,0,0,0,0
2006,BUF,8,Donte Whitner,DB,False,2,10,47,19,157,0,0,0,0,0,1
2006,DET,9,Ernie Sims,LB,False,0,4,29,18,109,0,1,0,0,0,0
2006,ARI,10,Matt Leinart,QB,False,0,1,12,12,33,0,1,1,1,1,0
2006,DEN,11,Jay Cutler,QB,False,1,10,86,28,153,0,0,0,0,0,1
2006,BAL,12,Haloti Ngata,DT,False,5,12,100,92,180,0,0,0,0,0,1
2006,CLE,13,Kamerion Wimbley,DE,False,0,8,44,24,140,0,1,0,0,0,0
2006,PHI,14,Brodrick Bunkley,DT,False,0,7,40,25,130,0,1,0,0,0,0
2006,LAR,15,Tye Hill,DB,False,0,0,9,7,40,0,1,1,1,1,0
2006,MIA,16,Jason Allen,DB,False,0,1,13,9,98,0,1,1,1,1,0
2006,MIN,17,Chad Greenway,LB,False,2,10,66,66,156,0,0,0,0,0,1
2006,DAL,18,Bobby Carpenter,LB,False,0,0,11,5,93,0,1,1,1,1,0
2006,LAC,19,Antonio Cromartie,DB,False,4,8,66,26,162,0,0,0,0,0,1
2006,KC,20,Tamba Hali,DE,False,5,10,75,75,177,0,0,0,0,0,1
2006,NE,21,Laurence Maroney,RB,False,0,0,26,25,49,0,1,0,1,0,0
2006,SF,22,Manny Lawson,DE,False,0,7,47,23,143,0,1,0,0,0,0
2006,TB,23,Davin Joseph,G,False,2,8,42,38,116,0,0,0,0,0,1
2006,CIN,24,Johnathan Joseph,DB,False,2,15,67,19,211,0,0,0,0,0,1
2006,PIT,25,Santonio Holmes,WR,False,0,6,47,35,112,0,1,0,0,0,0
2006,BUF,26,John McCargo,DT,False,0,0,4,4,44,0,1,1,1,1,0
2006,CAR,27,DeAngelo Williams,RB,False,1,6,61,51,142,0,0,0,0,0,1
2006,JAX,28,Marcedes Lewis,TE,False,1,15,35,33,290,0,0,0,0,0,1
2006,NYJ,29,Nick Mangold,C,False,7,11,73,73,164,0,0,0,0,0,1
2006,IND,30,Joseph Addai,RB,False,1,4,50,50,78,0,0,0,0,0,1
2006,SEA,31,Kelly Jennings,DB,False,0,2,18,17,91,0,1,0,1,0,0
2006,NYG,32,Mathias Kiwanuka,DE,False,0,5,37,37,120,0,1,0,0,0,0
2007,LV,1,JaMarcus Russell,QB,False,0,2,6,6,31,0,1,1,1,1,0
2007,DET,2,Calvin Johnson,WR,True,6,9,78,78,135,0,0,0,0,0,1
2007,CLE,3,Joe Thomas,T,True,10,10,85,85,167,0,0,0,0,0,1
2007,TB,4,Gaines Adams,DE,False,0,1,17,17,47,0,1,1,1,1,0
2007,ARI,5,Levi Brown,T,False,0,5,34,34,81,0,1,0,0,0,0
2007,WAS,6,LaRon Landry,DB,False,1,7,39,26,103,0,0,0,0,0,1
2007,MIN,7,Adrian Peterson,RB,False,7,12,101,89,184,0,0,0,0,0,1
2007,ATL,8,Jamaal Anderson,DE,False,0,3,20,19,77,0,1,1,1,1,0
2007,MIA,9,Ted Ginn Jr.,WR,False,0,7,52,15,193,0,1,0,0,0,0
2007,HOU,10,Amobi Okoye,DT,False,0,4,24,21,87,0,1,0,0,0,0
2007,SF,11,Patrick Willis,LB,True,7,7,93,93,112,0,0,0,0,0,1
2007,BUF,12,Marshawn Lynch,RB,False,5,8,74,15,149,0,0,0,0,0,1
2007,LAR,13,Adam Carriker,DE,False,0,3,22,9,65,0,1,0,1,0,0
2007,NYJ,14,Darrelle Revis,DB,True,7,9,93,76,145,0,0,0,0,0,1
2007,PIT,15,Lawrence Timmons,LB,False,1,9,72,68,172,0,0,0,0,0,1
2007,GB,16,Justin Harrell,DT,False,0,0,2,2,14,0,1,1,1,1,0
2007,DEN,17,Jarvis Moss,DE,False,0,0,3,2,53,0,1,1,1,1,0
2007,CIN,18,Leon Hall,DB,False,0,6,51,49,152,0,1,0,0,0,0
2007,TEN,19,Michael Griffin,DB,False,2,9,55,53,154,0,0,0,0,0,1
2007,NYG,20,Aaron Ross,DB,False,0,4,20,17,83,0,1,0,0,0,0
2007,JAX,21,Reggie Nelson,DB,False,2,11,63,12,181,0,0,0,0,0,1
2007,CLE,22,Brady Quinn,QB,False,0,1,2,3,24,0,1,1,1,1,0
2007,KC,23,Dwayne Bowe,WR,False,1,8,50,50,125,0,0,0,0,0,1
2007,NE,24,Brandon Meriweather,DB,False,2,6,33,22,112,0,0,0,0,0,1
2007,CAR,25,Jon Beason,LB,False,3,5,55,48,93,0,0,0,0,0,1
2007,DAL,26,Anthony Spencer,DE,False,1,4,34,34,104,0,0,0,0,0,1
2007,NO,27,Robert Meachem,WR,False,0,1,26,25,103,0,1,0,1,0,0
2007,SF,28,Joe Staley,T,False,6,12,81,81,181,0,0,0,0,0,1
2007,BAL,29,Ben Grubbs,G,False,2,9,56,26,129,0,0,0,0,0,1
2007,LAC,30,Craig Davis,WR,False,0,0,7,7,25,0,1,1,1,1,0
2007,CHI,31,Greg Olsen,TE,False,3,11,60,11,199,0,0,0,0,0,1
2007,IND,32,Anthony Gonzalez,WR,False,0,1,16,16,40,0,1,0,1,0,0
2008,MIA,1,Jake Long,T,False,4,6,54,46,104,0,0,0,0,0,1
2008,LAR,2,Chris Long,DE,False,0,6,48,40,162,0,1,0,0,0,0
2008,ATL,3,Matt Ryan,QB,False,4,15,146,144,234,0,0,0,0,0,1
2008,LV,4,Darren McFadden,RB,False,0,4,39,32,103,0,1,0,0,0,0
2008,KC,5,Glenn Dorsey,DT,False,0,7,37,26,104,0,1,0,0,0,0
2008,NYJ,6,Vernon Gholston,DE,False,0,0,6,6,45,0,1,1,1,1,0
2008,NO,7,Sedrick Ellis,DT,False,0,5,26,26,70,0,1,0,0,0,0
2008,JAX,8,Derrick Harvey,DE,False,0,1,14,14,52,0,1,1,1,1,0
2008,CIN,9,Keith Rivers,LB,False,0,4,24,15,74,0,1,0,0,0,0
2008,NE,10,Jerod Mayo,LB,False,2,7,51,51,103,0,0,0,0,0,1
2008,BUF,11,Leodis McKelvin,DB,False,0,4,29,25,111,0,1,0,0,0,0
2008,DEN,12,Ryan Clady,T,False,4,7,65,63,107,0,0,0,0,0,1
2008,CAR,13,Jonathan Stewart,RB,False,1,5,48,48,134,0,0,0,0,0,1
2008,CHI,14,Chris Williams,T,False,0,4,25,17,72,0,1,0,0,0,0
2008,KC,15,Branden Albert,G,False,2,9,41,27,120,0,0,0,0,0,1
2008,ARI,16,Dominique Rodgers-Cromartie,DB,False,2,7,53,18,162,0,0,0,0,0,1
2008,DET,17,Gosder Cherilus,T,False,0,8,48,27,132,0,1,0,0,0,0
2008,BAL,18,Joe Flacco,QB,False,1,12,97,89,209,0,0,0,0,0,1
2008,CAR,19,Jeff Otah,T,False,0,2,14,14,29,0,1,1,1,1,0
2008,TB,20,Aqib Talib,DB,False,5,9,68,14,148,0,0,0,0,0,1
2008,ATL,21,Sam Baker,T,False,0,3,32,32,70,0,1,0,1,0,0
2008,DAL,22,Felix Jones,RB,False,0,1,27,26,80,0,1,0,1,0,0
2008,PIT,23,Rashard Mendenhall,RB,False,0,4,29,26,72,0,1,0,0,0,0
2008,TEN,24,Chris Johnson,RB,False,3,7,70,61,130,0,0,0,0,0,1
2008,DAL,25,Mike Jenkins,DB,False,1,4,27,21,101,0,0,0,0,0,1
2008,HOU,26,Duane Brown,T,False,5,15,91,56,220,0,0,0,0,0,1
2008,LAC,27,Antoine Cason,DB,False,0,4,27,20,110,0,1,0,0,0,0
2008,SEA,28,Lawrence Jackson,DE,False,0,2,15,11,69,0,1,1,1,1,0
2008,SF,29,Kentwan Balmer,DT,False,0,1,7,2,46,0,1,1,1,1,0
2008,NYJ,30,Dustin Keller,TE,False,0,3,22,22,72,0,1,0,1,0,0
2008,NYG,31,Kenny Phillips,DB,False,0,2,16,15,59,0,1,1,1,1,0
2009,DET,1,Matthew Stafford,QB,False,3,16,133,91,239,0,0,0,0,0,1
2009,LAR,2,Jason Smith,T,False,0,2,10,9,45,0,1,1,1,1,0
2009,KC,3,Tyson Jackson,DE,False,0,7,34,23,122,0,1,0,0,0,0
2009,SEA,4,Aaron Curry,LB,False,0,3,16,12,48,0,1,1,1,1,0
2009,NYJ,5,Mark Sanchez,QB,False,0,4,32,26,79,0,1,0,0,0,0
2009,CIN,6,Andre Smith,T,False,0,8,41,37,121,0,1,0,0,0,0
2009,LV,7,Darrius Heyward-Bey,WR,False,0,5,23,17,144,0,1,0,0,0,0
2009,JAX,8,Eugene Monroe,T,False,0,6,32,22,93,0,1,0,0,0,0
2009,GB,9,B.J. Raji,DT,False,1,5,33,33,91,0,0,0,0,0,1
2009,SF,10,Michael Crabtree,WR,False,0,10,53,33,143,0,1,0,0,0,0
2009,BUF,11,Aaron Maybin,DE,False,0,0,5,2,48,0,1,1,1,1,0
2009,DEN,12,Knowshon Moreno,RB,False,0,3,33,32,63,0,1,0,1,0,0
2009,WAS,13,Brian Orakpo,LB,False,4,8,58,33,132,0,0,0,0,0,1
2009,NO,14,Malcolm Jenkins,DB,False,3,12,68,32,199,0,0,0,0,0,1
2009,HOU,15,Brian Cushing,LB,False,1,7,52,52,104,0,0,0,0,0,1
2009,LAC,16,Larry English,LB,False,0,1,7,7,64,0,1,1,1,1,0
2009,TB,17,Josh Freeman,QB,False,0,4,37,36,62,0,1,0,0,0,0
2009,DEN,18,Robert Ayers,DE,False,0,5,27,13,120,0,1,0,0,0,0
2009,PHI,19,Jeremy Maclin,WR,False,0,8,50,33,114,0,1,0,0,0,0
2009,DET,20,Brandon Pettigrew,TE,False,0,7,22,22,93,0,1,0,0,0,0
2009,CLE,21,Alex Mack,C,False,7,12,86,30,196,0,0,0,0,0,1
2009,MIN,22,Percy Harvin,WR,False,1,4,43,37,75,0,0,0,0,0,1
2009,BAL,23,Michael Oher,T,False,0,7,42,33,110,0,1,0,0,0,0
2009,ATL,24,Peria Jerry,DT,False,0,2,13,13,64,0,1,1,1,1,0
2009,MIA,25,Vontae Davis,DB,False,2,8,45,12,121,0,0,0,0,0,1
2009,GB,26,Clay Matthews,LB,False,6,10,77,75,156,0,0,0,0,0,1
2009,IND,27,Donald Brown,RB,False,0,1,25,21,89,0,1,0,1,0,0
2009,BUF,28,Eric Wood,C,False,1,9,47,47,120,0,0,0,0,0,1
2009,NYG,29,Hakeem Nicks,WR,False,0,4,40,37,92,0,1,0,0,0,0
2009,TEN,30,Kenny Britt,WR,False,0,5,35,20,116,0,1,0,0,0,0
2009,ARI,31,Beanie Wells,RB,False,0,2,14,14,51,0,1,1,1,1,0
2009,PIT,32,Evander Hood,DE,False,0,5,38,27,142,0,1,0,0,0,0
2010,LAR,1,Sam Bradford,QB,False,0,5,44,25,83,0,1,0,0,0,0
2010,DET,2,Ndamukong Suh,DT,False,5,12,100,59,199,0,0,0,0,0,1
2010,TB,3,Gerald McCoy,DT,False,6,10,69,65,140,0,0,0,0,0,1
2010,WAS,4,Trent Williams,T,False,12,15,109,47,204,0,0,0,0,0,1
2010,KC,5,Eric Berry,DB,False,5,5,50,50,89,0,0,0,0,0,1
2010,SEA,6,Russell Okung,T,False,2,9,56,31,131,0,0,0,0,0,1
2010,CLE,7,Joe Haden,DB,False,3,10,62,39,158,0,0,0,0,0,1
2010,LV,8,Rolando McClain,LB,False,0,5,25,15,65,0,1,0,0,0,0
2010,BUF,9,C.J. Spiller,RB,False,1,3,34,32,90,0,0,0,1,0,0
2010,JAX,10,Tyson Alualu,DT,False,0,7,45,33,193,0,1,0,0,0,0
2010,SF,11,Anthony Davis,T,False,0,4,31,31,72,0,1,0,0,0,0
2010,LAC,12,Ryan Mathews,RB,False,1,5,44,37,86,0,0,0,0,0,1
2010,PHI,13,Brandon Graham,DE,False,1,6,59,59,215,0,0,0,0,0,1
2010,SEA,14,Earl Thomas,DB,False,7,9,82,76,140,0,0,0,0,0,1
2010,NYG,15,Jason Pierre-Paul,DE,False,3,11,74,46,185,0,0,0,0,0,1
2010,TEN,16,Derrick Morgan,DE,False,0,8,40,40,118,0,1,0,0,0,0
2010,SF,17,Mike Iupati,G,False,4,10,67,42,140,0,0,0,0,0,1
2010,PIT,18,Maurkice Pouncey,C,False,9,9,78,78,134,0,0,0,0,0,1
2010,ATL,19,Sean Weatherspoon,LB,False,0,2,22,22,67,0,1,0,1,0,0
2010,HOU,20,Kareem Jackson,DB,False,0,12,52,30,205,0,1,0,0,0,0
2010,CIN,21,Jermaine Gresham,TE,False,2,9,28,22,132,0,0,0,0,0,1
2010,DEN,22,Demaryius Thomas,WR,False,5,8,69,65,143,0,0,0,0,0,1
2010,GB,23,Bryan Bulaga,T,False,0,9,56,53,126,0,1,0,0,0,0
2010,DAL,24,Dez Bryant,WR,False,3,7,61,61,119,0,0,0,0,0,1
2010,DEN,25,Tim Tebow,QB,False,0,1,12,11,35,0,1,1,1,1,0
2010,ARI,26,Dan Williams,DT,False,0,6,29,20,102,0,1,0,0,0,0
2010,NE,27,Devin McCourty,DB,False,2,13,71,71,205,0,0,0,0,0,1
2010,MIA,28,Jared Odrick,DE,False,0,3,29,20,87,0,1,0,1,0,0
2010,NYJ,29,Kyle Wilson,DB,False,0,2,16,14,95,0,1,0,1,0,0
2010,DET,30,Jahvid Best,RB,False,0,2,13,13,22,0,1,1,1,1,0
2010,IND,31,Jerry Hughes,DE,False,0,9,68,3,225,0,1,0,0,0,0
2010,NO,32,Patrick Robinson,DB,False,0,1,25,15,123,0,1,0,1,0,0
2011,CAR,1,Cam Newton,QB,False,3,9,115,107,148,0,0,0,0,0,1
2011,DEN,2,Von Miller,LB,False,8,10,105,97,203,0,0,0,0,0,1
2011,BUF,3,Marcell Dareus,DT,False,2,7,56,47,121,0,0,0,0,0,1
2011,CIN,4,A.J. Green,WR,False,7,10,77,71,158,0,0,0,0,0,1
2011,ARI,5,Patrick Peterson,DB,False,8,13,103,95,201,0,0,0,0,0,1
2011,ATL,6,Julio Jones,WR,False,7,9,101,97,166,0,0,0,0,0,1
2011,SF,7,Aldon Smith,DE,False,1,4,34,24,75,0,0,0,0,0,1
2011,TEN,8,Jake Locker,QB,False,0,1,15,15,30,0,1,1,1,1,0
2011,DAL,9,Tyron Smith,T,False,8,12,91,89,171,0,0,0,0,0,1
2011,JAX,10,Blaine Gabbert,QB,False,0,2,17,7,69,0,1,1,1,1,0
2011,HOU,11,J.J. Watt,DE,False,5,10,110,105,151,0,0,0,0,0,1
2011,MIN,12,Christian Ponder,QB,False,0,3,22,22,38,0,1,0,1,0,0
2011,DET,13,Nick Fairley,DT,False,0,4,23,16,77,0,1,0,0,0,0
2011,LAR,14,Robert Quinn,DE,False,3,9,69,43,169,0,0,0,0,0,1
2011,MIA,15,Mike Pouncey,G,False,4,7,52,40,114,0,0,0,0,0,1
2011,WAS,16,Ryan Kerrigan,DE,False,4,9,63,62,172,0,0,0,0,0,1
2011,NE,17,Nate Solder,T,False,0,9,64,49,146,0,1,0,0,0,0
2011,LAC,18,Corey Liuget,DT,False,0,7,42,41,124,0,1,0,0,0,0
2011,NYG,19,Prince Amukamara,DB,False,0,8,36,15,113,0,1,0,0,0,0
2011,TB,20,Adrian Clayborn,DE,False,0,2,26,12,125,0,1,0,1,0,0
2011,CLE,21,Phil Taylor,DT,False,0,2,19,19,44,0,1,0,1,0,0
2011,IND,22,Anthony Castonzo,T,False,0,10,58,58,144,0,1,0,0,0,0
2011,PHI,23,Danny Watkins,G,False,0,1,9,9,24,0,1,1,1,1,0
2011,NO,24,Cameron Jordan,DE,False,8,15,109,109,243,0,0,0,0,0,1
2011,SEA,25,James Carpenter,T,False,0,10,49,17,132,0,1,0,0,0,0
2011,KC,26,Jonathan Baldwin,WR,False,0,1,4,4,33,0,1,1,1,1,0
2011,BAL,27,Jimmy Smith,DB,False,0,5,33,33,128,0,1,0,0,0,0
2011,NO,28,Mark Ingram,RB,False,3,5,66,51,156,0,0,0,0,0,1
2011,CHI,29,Gabe Carimi,T,False,0,1,12,7,48,0,1,1,1,1,0
2011,NYJ,30,Muhammad Wilkerson,DT,False,1,7,58,58,108,0,0,0,0,0,1
2011,PIT,31,Cameron Heyward,DE,False,7,13,115,115,228,0,0,0,0,0,1
2011,GB,32,Derek Sherrod,T,False,0,0,3,3,20,0,1,1,1,1,0
2012,IND,1,Andrew Luck,QB,False,4,5,72,72,86,0,0,0,0,0,1
2012,WAS,2,Robert Griffin III,QB,False,1,3,36,31,56,0,0,0,1,0,0
2012,CLE,3,Trent Richardson,RB,False,0,3,17,7,46,0,1,1,1,1,0
2012,MIN,4,Matt Kalil,T,False,1,5,34,29,82,0,0,0,0,0,1
2012,JAX,5,Justin Blackmon,WR,False,0,1,9,9,20,0,1,1,1,1,0
2012,DAL,6,Morris Claiborne,DB,False,0,5,25,13,85,0,1,0,0,0,0
2012,TB,7,Mark Barron,DB,False,0,7,58,11,119,0,1,0,0,0,0
2012,MIA,8,Ryan Tannehill,QB,False,1,10,91,47,155,0,0,0,0,0,1
2012,CAR,9,Luke Kuechly,LB,True,7,8,91,91,118,0,0,0,0,0,1
2012,BUF,10,Stephon Gilmore,DB,False,5,12,75,18,180,0,0,0,0,0,1
2012,KC,11,Dontari Poe,DT,False,2,8,55,41,128,0,0,0,0,0,1
2012,PHI,12,Fletcher Cox,DT,False,6,12,95,95,188,0,0,0,0,0,1
2012,ARI,13,Michael Floyd,WR,False,0,3,28,27,102,0,1,0,1,0,0
2012,LAR,14,Michael Brockers,DT,False,0,10,58,53,160,0,1,0,0,0,0
2012,SEA,15,Bruce Irvin,DE,False,0,6,42,22,140,0,1,0,0,0,0
2012,NYJ,16,Quinton Coples,DE,False,0,2,17,17,62,0,1,1,1,1,0
2012,CIN,17,Dre Kirkpatrick,DB,False,0,5,31,25,119,0,1,0,0,0,0
2012,LAC,18,Melvin Ingram,DE,False,3,6,57,52,148,0,0,0,0,0,1
2012,CHI,19,Shea McClellin,DE,False,0,3,17,13,66,0,1,1,1,1,0
2012,TEN,20,Kendall Wright,WR,False,0,3,28,24,82,0,1,0,1,0,0
2012,NE,21,Chandler Jones,DE,False,4,10,77,25,154,0,0,0,0,0,1
2012,CLE,22,Brandon Weeden,QB,False,0,1,13,10,35,0,1,1,1,1,0
2012,DET,23,Riley Reiff,T,False,0,10,60,27,164,0,1,0,0,0,0
2012,PIT,24,David DeCastro,G,False,6,8,69,69,125,0,0,0,0,0,1
2012,NE,25,Dont'a Hightower,LB,False,2,8,65,65,117,0,0,0,0,0,1
2012,HOU,26,Whitney Mercilus,DE,False,0,8,49,49,138,0,1,0,0,0,0
2012,CIN,27,Kevin Zeitler,G,False,1,14,67,29,214,0,0,0,0,0,1
2012,GB,28,Nick Perry,DE,False,0,3,22,22,81,0,1,0,1,0,0
2012,MIN,29,Harrison Smith,DB,False,6,13,72,72,207,0,0,0,0,0,1
2012,SF,30,A.J. Jenkins,WR,False,0,0,2,0,28,0,1,1,1,1,0
2012,TB,31,Doug Martin,RB,False,2,7,39,35,84,0,0,0,0,0,1
2012,NYG,32,David Wilson,RB,False,0,0,5,5,21,0,1,1,1,1,0
2013,KC,1,Eric Fisher,T,False,2,8,62,56,132,0,0,0,0,0,1
2013,JAX,2,Luke Joeckel,T,False,0,3,21,16,50,0,1,1,1,1,0
2013,MIA,3,Dion Jordan,DE,False,0,0,9,3,63,0,1,1,1,1,0
2013,PHI,4,Lane Johnson,T,False,6,12,89,89,168,0,0,0,0,0,1
2013,DET,5,Ezekiel Ansah,DE,False,1,5,39,37,93,0,0,0,0,0,1
2013,CLE,6,Barkevious Mingo,LB,False,0,2,24,10,126,0,1,0,1,0,0
2013,ARI,7,Jonathan Cooper,G,False,0,2,16,7,46,0,1,1,1,1,0
2013,LAR,8,Tavon Austin,WR,False,0,4,26,22,113,0,1,0,0,0,0
2013,NYJ,9,Dee Milliner,DB,False,0,1,6,6,21,0,1,1,1,1,0
2013,TEN,10,Chance Warmack,G,False,0,3,22,20,68,0,1,0,1,0,0
2013,LAC,11,D.J. Fluker,T,False,0,7,43,29,108,0,1,0,0,0,0
2013,LV,12,D.J. Hayden,DB,False,0,2,16,8,92,0,1,1,1,1,0
2013,NYJ,13,Sheldon Richardson,DT,False,1,8,61,32,138,0,0,0,0,0,1
2013,CAR,14,Star Lotulelei,DT,False,0,7,48,28,119,0,1,0,0,0,0
2013,NO,15,Kenny Vaccaro,DB,False,0,7,34,20,110,0,1,0,0,0,0
2013,BUF,16,EJ Manuel,QB,False,0,1,10,10,30,0,1,1,1,1,0
2013,PIT,17,Jarvis Jones,LB,False,0,1,17,17,50,0,1,1,1,1,0
2013,SF,18,Eric Reid,DB,False,1,7,33,26,99,0,0,0,0,0,1
2013,NYG,19,Justin Pugh,T,False,0,10,46,25,132,0,1,0,0,0,0
2013,CHI,20,Kyle Long,G,False,3,6,40,40,77,0,0,0,0,0,1
2013,CIN,21,Tyler Eifert,TE,False,1,2,19,17,74,0,0,0,1,0,0
2013,ATL,22,Desmond Trufant,DB,False,1,8,37,35,113,0,0,0,0,0,1
2013,MIN,23,Sharrif Floyd,DT,False,0,2,13,13,44,0,1,1,1,1,0
2013,IND,24,Bjoern Werner,DE,False,0,1,10,10,38,0,1,1,1,1,0
2013,MIN,25,Xavier Rhodes,DB,False,3,8,49,43,135,0,0,0,0,0,1
2013,GB,26,Datone Jones,DE,False,0,0,10,9,68,0,1,1,1,1,0
2013,HOU,27,DeAndre Hopkins,WR,False,5,10,84,54,195,0,0,0,0,0,1
2013,DEN,28,Sylvester Williams,DT,False,0,4,29,22,102,0,1,0,0,0,0
2013,MIN,29,Cordarrelle Patterson,WR,False,4,4,42,16,183,0,0,0,0,0,1
2013,LAR,30,Alec Ogletree,LB,False,0,7,52,37,111,0,1,0,0,0,0
2013,DAL,31,Travis Frederick,C,False,5,6,60,60,96,0,0,0,0,0,1
2013,BAL,32,Matt Elam,DB,False,0,2,12,12,41,0,1,1,1,1,0
2014,HOU,1,Jadeveon Clowney,DE,False,3,10,63,38,153,0,0,0,0,0,1
2014,LAR,2,Greg Robinson,T,False,0,5,24,13,83,0,1,1,0,0,0
2014,JAX,3,Blake Bortles,QB,False,0,5,44,44,78,0,1,0,0,0,0
2014,BUF,4,Sammy Watkins,WR,False,0,6,43,20,111,0,1,0,0,0,0
2014,LV,5,Khalil Mack,LB,False,9,11,105,41,179,0,0,0,0,0,1
2014,ATL,6,Jake Matthews,T,False,1,12,75,75,196,0,0,0,0,0,1
2014,TB,7,Mike Evans,WR,False,6,11,80,80,176,0,0,0,0,0,1
2014,CLE,8,Justin Gilbert,DB,False,0,0,4,3,35,0,1,1,1,1,0
2014,MIN,9,Anthony Barr,LB,False,4,7,56,52,116,0,0,0,0,0,1
2014,DET,10,Eric Ebron,TE,False,1,4,29,15,106,0,0,0,0,0,1
2014,TEN,11,Taylor Lewan,T,False,3,7,48,48,105,0,0,0,0,0,1
2014,NYG,12,Odell Beckham Jr.,WR,False,3,6,59,41,119,0,0,0,0,0,1
2014,LAR,13,Aaron Donald,DT,False,10,10,123,123,154,0,0,0,0,0,1
2014,CHI,14,Kyle Fuller,DB,False,2,5,48,45,113,0,0,0,0,0,1
2014,PIT,15,Ryan Shazier,LB,False,2,3,27,27,46,0,0,0,1,0,0
2014,DAL,16,Zack Martin,G,False,9,11,103,103,162,0,0,0,0,0,1
2014,BAL,17,C.J. Mosley,LB,False,5,8,81,59,133,0,0,0,0,0,1
2014,NYJ,18,Calvin Pryor,DB,False,0,3,13,13,46,0,1,1,1,1,0
2014,MIA,19,Ja'Wuan James,T,False,0,4,27,26,66,0,1,0,0,0,0
2014,NO,20,Brandin Cooks,WR,False,0,10,73,21,173,0,1,0,0,0,0
2014,GB,21,Ha Ha Clinton-Dix,DB,False,1,6,34,24,98,0,0,0,0,0,1
2014,CLE,22,Johnny Manziel,QB,False,0,0,4,4,14,0,1,1,1,1,0
2014,KC,23,Dee Ford,LB,False,1,2,23,21,85,0,0,0,1,0,0
2014,CIN,24,Darqueze Dennard,DB,False,0,0,13,12,87,0,1,1,1,1,0
2014,LAC,25,Jason Verrett,DB,False,1,2,17,13,41,0,0,0,1,0,0
2014,PHI,26,Marcus Smith,LB,False,0,0,4,3,53,0,1,1,1,1,0
2014,ARI,27,Deone Bucannon,DB,False,0,4,32,29,84,0,1,0,0,0,0
2014,CAR,28,Kelvin Benjamin,WR,False,0,4,22,18,61,0,1,0,0,0,0
2014,NE,29,Dominique Easley,DT,False,0,0,7,4,41,0,1,1,1,1,0
2014,SF,30,Jimmie Ward,DB,False,0,6,31,25,126,0,1,0,0,0,0
2014,DEN,31,Bradley Roby,DB,False,0,4,26,14,135,0,1,0,0,0,0
2014,MIN,32,Teddy Bridgewater,QB,False,1,4,49,22,83,0,0,0,0,0,1
2015,TB,1,Jameis Winston,QB,False,1,5,63,54,108,0,0,0,0,0,1
2015,TEN,2,Marcus Mariota,QB,False,0,5,60,43,104,0,1,0,0,0,0
2015,JAX,3,Dante Fowler,OLB,False,0,3,31,5,159,0,1,0,1,0,0
2015,LV,4,Amari Cooper,WR,False,5,9,66,22,154,0,0,0,0,0,1
2015,WAS,5,Brandon Scherff,T,False,5,10,62,45,140,0,0,0,0,0,1
2015,NYJ,6,Leonard Williams,DE,False,3,10,78,26,175,0,0,0,0,0,1
2015,CHI,7,Kevin White,WR,False,0,0,3,2,30,0,1,1,1,1,0
2015,ATL,8,Vic Beasley,OLB,False,1,5,32,32,88,0,0,0,0,0,1
2015,NYG,9,Ereck Flowers,T,False,0,7,35,18,105,0,1,0,0,0,0
2015,LAR,10,Todd Gurley,RB,False,3,6,54,50,88,0,0,0,0,0,1
2015,MIN,11,Trae Waynes,CB,False,0,3,18,18,79,0,1,1,1,1,0
2015,CLE,12,Danny Shelton,NT,False,0,5,33,15,101,0,1,0,0,0,0
2015,NO,13,Andrus Peat,T,False,3,7,53,52,132,0,0,0,0,0,1
2015,MIA,14,DeVante Parker,WR,False,0,6,36,32,119,0,1,0,0,0,0
2015,LAC,15,Melvin Gordon,RB,False,2,7,51,38,112,0,0,0,0,0,1
2015,HOU,16,Kevin Johnson,CB,False,0,0,11,8,64,0,1,1,1,1,0
2015,SF,17,Arik Armstead,DT,False,0,7,45,40,149,0,1,0,0,0,0
2015,KC,18,Marcus Peters,CB,False,3,7,63,32,116,0,0,0,0,0,1
2015,CLE,19,Cameron Erving,C,False,0,3,28,6,98,0,1,0,1,0,0
2015,PHI,20,Nelson Agholor,WR,False,0,7,36,18,149,0,1,0,0,0,0
2015,CIN,21,Cedric Ogbuehi,T,False,0,2,17,11,67,0,1,1,1,1,0
2015,PIT,22,Bud Dupree,OLB,False,0,6,46,30,152,0,1,0,0,0,0
2015,DEN,23,Shane Ray,DE,False,0,1,12,12,49,0,1,1,1,1,0
2015,ARI,24,D.J. Humphries,T,False,1,7,45,44,108,0,0,0,0,0,1
2015,CAR,25,Shaq Thompson,OLB,False,0,8,43,41,135,0,1,0,0,0,0
2015,BAL,26,Breshad Perriman,WR,False,0,1,15,4,80,0,1,1,1,1,0
2015,DAL,27,Byron Jones,CB,False,1,7,38,29,109,0,0,0,0,0,1
2015,DET,28,Laken Tomlinson,G,False,1,10,55,11,173,0,0,0,0,0,1
2015,IND,29,Phillip Dorsett,WR,False,0,0,16,7,94,0,1,0,1,0,0
2015,GB,30,Damarious Randall,S,False,0,5,21,11,75,0,1,0,0,0,0
2015,NO,31,Stephone Anthony,ILB,False,0,1,10,9,62,0,1,1,1,1,0
2015,NE,32,Malcom Brown,DT,False,0,6,43,27,106,0,1,0,0,0,0
2016,LAR,1,Jared Goff,QB,False,5,9,106,44,151,0,0,0,0,0,1
2016,PHI,2,Carson Wentz,QB,False,1,6,63,43,103,0,0,0,0,0,1
2016,LAC,3,Joey Bosa,DE,False,5,7,62,56,122,0,0,0,0,0,1
2016,DAL,4,Ezekiel Elliott,RB,False,3,7,68,65,135,0,0,0,0,0,1
2016,JAX,5,Jalen Ramsey,CB,False,8,10,84,28,152,0,0,0,0,0,1
2016,BAL,6,Ronnie Stanley,T,False,2,8,64,64,120,0,0,0,0,0,1
2016,SF,7,DeForest Buckner,DE,False,3,9,76,34,151,0,0,0,0,0,1
2016,TEN,8,Jack Conklin,T,False,0,6,55,30,114,0,1,0,0,0,0
2016,CHI,9,Leonard Floyd,OLB,False,0,10,63,21,153,0,1,0,0,0,0
2016,NYG,10,Eli Apple,CB,False,0,5,28,9,104,0,1,0,0,0,0
2016,TB,11,Vernon Hargreaves III,CB,False,0,4,18,10,69,0,1,1,0,0,0
2016,NO,12,Sheldon Rankins,DT,False,0,6,41,15,133,0,1,0,0,0,0
2016,MIA,13,Laremy Tunsil,T,False,5,9,60,12,139,0,0,0,0,0,1
2016,LV,14,Karl Joseph,S,False,0,4,16,14,65,0,1,1,0,0,0
2016,CLE,15,Corey Coleman,WR,False,0,2,6,5,27,0,1,1,1,1,0
2016,DET,16,Taylor Decker,T,False,1,9,59,59,140,0,0,0,0,0,1
2016,ATL,17,Keanu Neal,S,False,1,3,25,17,89,0,0,0,1,0,0
2016,IND,18,Ryan Kelly,C,False,4,9,56,54,129,0,0,0,0,0,1
2016,BUF,19,Shaq Lawson,DE,False,0,1,24,15,110,0,1,0,1,0,0
2016,NYJ,20,Darron Lee,OLB,False,0,3,19,17,58,0,1,1,1,1,0
2016,HOU,21,Will Fuller,WR,False,0,5,24,24,55,0,1,0,0,0,0
2016,WAS,22,Josh Doctson,WR,False,0,2,9,9,34,0,1,1,1,1,0
2016,MIN,23,Laquon Treadwell,WR,False,0,2,8,5,93,0,1,1,1,1,0
2016,CIN,24,William Jackson III,CB,False,0,4,19,15,75,0,1,0,0,0,0
2016,PIT,25,Artie Burns,CB,False,0,1,17,14,90,0,1,0,1,0,0
2016,DEN,26,Paxton Lynch,QB,False,0,0,2,2,5,0,1,1,1,1,0
2016,GB,27,Kenny Clark,DT,False,3,9,63,60,157,0,0,0,0,0,1
2016,SF,28,Joshua Garnett,G,False,0,1,5,5,25,0,1,1,1,1,0
2016,ARI,29,Robert Nkemdiche,DT,False,0,0,6,5,38,0,1,1,1,1,0
2016,CAR,30,Vernon Butler,DT,False,0,2,13,8,77,0,1,1,1,1,0
2016,SEA,31,Germain Ifedi,G,False,0,4,38,29,117,0,1,0,0,0,0
2017,CLE,1,Myles Garrett,DE,False,7,9,104,104,134,0,0,0,0,0,1
2017,CHI,2,Mitchell Trubisky,QB,False,1,4,40,34,82,0,0,0,0,0,1
2017,SF,3,Solomon Thomas,DE,False,0,2,21,15,131,0,1,1,1,1,0
2017,JAX,4,Leonard Fournette,RB,False,0,5,38,19,81,0,1,0,0,0,0
2017,TEN,5,Corey Davis,WR,False,0,5,31,24,78,0,1,0,0,0,0
2017,NYJ,6,Jamal Adams,S,False,3,6,47,29,102,0,0,0,0,0,1
2017,LAC,7,Mike Williams,WR,False,0,4,38,37,106,0,1,0,0,0,0
2017,CAR,8,Christian McCaffrey,RB,False,4,6,86,43,112,0,0,0,0,0,1
2017,CIN,9,John Ross,WR,False,0,1,7,5,38,0,1,1,1,1,0
2017,KC,10,Patrick Mahomes,QB,False,6,8,115,115,126,0,0,0,0,0,1
2017,NO,11,Marshon Lattimore,CB,False,4,7,43,41,108,0,0,0,0,0,1
2017,HOU,12,Deshaun Watson,QB,False,3,4,58,52,73,0,0,0,0,0,1
2017,ARI,13,Haason Reddick,LB,False,2,6,47,14,137,0,0,0,0,0,1
2017,PHI,14,Derek Barnett,DE,False,0,3,27,22,112,0,1,0,1,0,0
2017,IND,15,Malik Hooker,S,False,0,6,26,13,112,0,1,0,0,0,0
2017,BAL,16,Marlon Humphrey,CB,False,4,8,62,62,131,0,0,0,0,0,1
2017,WAS,17,Jonathan Allen,DE,False,2,8,57,48,126,0,0,0,0,0,1
2017,TEN,18,Adoree' Jackson,CB,False,0,7,30,15,111,0,1,0,0,0,0
2017,TB,19,O.J. Howard,TE,False,0,4,13,12,72,0,1,1,0,0,0
2017,DEN,20,Garett Bolles,T,False,1,8,56,56,133,0,0,0,0,0,1
2017,DET,21,Jarrad Davis,LB,False,0,3,22,20,68,0,1,0,1,0,0
2017,MIA,22,Charles Harris,OLB,False,0,2,16,4,103,0,1,1,1,1,0
2017,NYG,23,Evan Engram,TE,False,2,8,37,18,124,0,0,0,0,0,1
2017,LV,24,Gareon Conley,CB,False,0,1,9,7,31,0,1,1,1,1,0
2017,CLE,25,Jabrill Peppers,S,False,0,5,32,11,113,0,1,0,0,0,0
2017,ATL,26,Takkarist McKinley,DE,False,0,2,16,13,71,0,1,1,1,1,0
2017,BUF,27,Tre'Davious White,CB,False,2,6,53,52,109,0,0,0,0,0,1
2017,DAL,28,Taco Charlton,DE,False,0,0,9,6,60,0,1,1,1,1,0
2017,CLE,29,David Njoku,TE,False,1,6,27,27,118,0,0,0,0,0,1
2017,PIT,30,T.J. Watt,OLB,False,8,9,96,96,135,0,0,0,0,0,1
2017,SF,31,Reuben Foster,LB,False,0,2,8,8,16,0,1,1,1,1,0
2017,NO,32,Ryan Ramczyk,T,False,0,6,64,64,101,0,1,0,0,0,0
2018,CLE,1,Baker Mayfield,QB,False,2,7,80,35,123,0,0,0,0,0,1
2018,NYG,2,Saquon Barkley,RB,False,3,7,65,40,106,0,0,0,0,0,1
2018,NYJ,3,Sam Darnold,QB,False,2,6,49,14,100,0,0,0,0,0,1
2018,CLE,4,Denzel Ward,CB,False,5,8,49,49,110,0,0,0,0,0,1
2018,DEN,5,Bradley Chubb,DE,False,2,4,41,25,90,0,0,0,0,0,1
2018,IND,6,Quenton Nelson,G,False,8,8,79,79,129,0,0,0,0,0,1
2018,BUF,7,Josh Allen,QB,False,4,8,111,111,128,0,0,0,0,0,1
2018,CHI,8,Roquan Smith,ILB,False,4,8,84,37,125,0,0,0,0,0,1
2018,SF,9,Mike McGlinchey,T,False,0,7,46,31,115,0,1,0,0,0,0
2018,ARI,10,Josh Rosen,QB,False,0,1,3,2,24,0,1,1,1,1,0
2018,MIA,11,Minkah Fitzpatrick,S,False,5,7,61,7,120,0,0,0,0,0,1
2018,TB,12,Vita Vea,DT,False,2,6,51,51,112,0,0,0,0,0,1
2018,WAS,13,Daron Payne,DT,False,1,8,53,53,130,0,0,0,0,0,1
2018,NO,14,Marcus Davenport,DE,False,0,2,22,18,77,0,1,0,1,0,0
2018,LV,15,Kolton Miller,T,False,0,7,42,42,113,0,1,0,0,0,0
2018,BUF,16,Tremaine Edmunds,ILB,False,2,8,62,44,119,0,0,0,0,0,1
2018,LAC,17,Derwin James,S,False,5,6,46,46,98,0,0,0,0,0,1
2018,GB,18,Jaire Alexander,CB,False,2,5,34,34,80,0,0,0,0,0,1
2018,DAL,19,Leighton Vander Esch,OLB,False,1,5,35,35,71,0,0,0,0,0,1
2018,DET,20,Frank Ragnow,C,False,4,6,51,51,96,0,0,0,0,0,1
2018,CIN,21,Billy Price,C,False,0,3,18,9,69,0,1,1,1,1,0
2018,TEN,22,Rashaan Evans,ILB,False,0,4,32,25,87,0,1,0,0,0,0
2018,NE,23,Isaiah Wynn,T,False,0,3,23,19,56,0,1,0,1,0,0
2018,CAR,24,D.J. Moore,WR,False,0,8,61,36,131,0,1,0,0,0,0
2018,BAL,25,Hayden Hurst,TE,False,0,1,17,6,88,0,1,0,1,0,0
2018,ATL,26,Calvin Ridley,WR,False,0,4,41,24,90,0,1,0,0,0,0
2018,SEA,27,Rashaad Penny,RB,False,0,0,13,13,45,0,1,1,1,1,0
2018,PIT,28,Terrell Edmunds,S,False,0,5,27,25,102,0,1,0,0,0,0
2018,JAX,29,Taven Bryan,DT,False,0,4,22,10,118,0,1,0,0,0,0
2018,MIN,30,Mike Hughes,CB,False,0,2,17,4,99,0,1,0,1,0,0
2018,NE,31,Sony Michel,RB,False,0,2,21,15,65,0,1,0,1,0,0
2018,BAL,32,Lamar Jackson,QB,False,4,7,110,110,116,0,0,0,0,0,1
2019,ARI,1,Kyler Murray,QB,False,2,5,71,71,87,0,0,0,0,0,1
2019,SF,2,Nick Bosa,DE,False,5,5,58,58,85,0,0,0,0,0,1
2019,NYJ,3,Quinnen Williams,DT,False,4,6,57,54,105,0,0,0,0,0,1
2019,LV,4,Clelin Ferrell,DE,False,0,4,24,12,98,0,1,1,0,0,0
2019,TB,5,Devin White,LB,False,1,6,51,45,100,0,0,0,0,0,1
2019,NYG,6,Daniel Jones,QB,False,0,6,52,40,83,0,1,0,0,0,0
2019,JAX,7,Josh Hines-Allen,LB,False,2,6,45,45,107,0,0,0,0,0,1
2019,DET,8,T.J. Hockenson,TE,False,2,4,33,16,97,0,0,0,0,0,1
2019,BUF,9,Ed Oliver,DT,False,0,5,43,43,95,0,1,0,0,0,0
2019,PIT,10,Devin Bush Jr.,LB,False,0,4,37,21,98,0,1,0,0,0,0
2019,CIN,11,Jonah Williams,G,False,0,5,37,31,74,0,1,0,0,0,0
2019,GB,12,Rashan Gary,LB,False,1,5,36,36,106,0,0,0,0,0,1
2019,MIA,13,Christian Wilkins,DT,False,0,5,35,34,86,0,1,0,0,0,0
2019,ATL,14,Chris Lindstrom,G,False,4,6,49,49,105,0,0,0,0,0,1
2019,WAS,15,Dwayne Haskins,QB,False,0,0,4,4,16,0,1,1,1,1,0
2019,CAR,16,Brian Burns,DE,False,3,6,53,34,114,0,0,0,0,0,1
2019,NYG,17,Dexter Lawrence,DT,False,3,6,55,55,109,0,0,0,0,0,1
2019,MIN,18,Garrett Bradbury,C,False,0,7,41,32,105,0,1,0,0,0,0
2019,TEN,19,Jeffery Simmons,DT,False,4,7,62,62,99,0,0,0,0,0,1
2019,DEN,20,Noah Fant,TE,False,0,5,26,14,110,0,1,0,0,0,0
2019,GB,21,Darnell Savage Jr.,S,False,0,6,24,21,97,0,1,0,0,0,0
2019,PHI,22,Andre Dillard,T,False,0,1,12,6,69,0,1,1,1,1,0
2019,HOU,23,Tytus Howard,T,False,0,6,36,36,93,0,1,0,0,0,0
2019,LV,24,Josh Jacobs,RB,False,3,7,57,38,105,0,0,0,0,0,1
2019,BAL,25,Marquise Brown,WR,False,0,4,39,24,90,0,1,0,0,0,0
2019,WAS,26,Montez Sweat,DE,False,1,6,48,28,109,0,0,0,0,0,1
2019,LV,27,Johnathan Abram,S,False,0,2,13,10,55,0,1,1,1,1,0
2019,LAC,28,Jerry Tillery,DT,False,0,2,26,14,113,0,1,0,1,0,0
2019,SEA,29,L.J. Collier,DE,False,0,2,16,10,67,0,1,0,1,0,0
2019,NYG,30,Deandre Baker,CB,False,0,1,6,5,26,0,1,1,1,1,0
2019,ATL,31,Kaleb McGary,T,False,0,6,39,39,93,0,1,0,0,0,0
2019,NE,32,N'Keal Harry,WR,False,0,1,7,6,49,0,1,1,1,1,0
2020,CIN,1,Joe Burrow,QB,False,3,5,63,63,77,1,0,0,0,0,0
2020,WAS,2,Chase Young,DE,False,1,2,29,20,72,1,0,0,0,0,0
2020,DET,3,Jeff Okudah,CB,False,0,2,11,7,50,1,1,0,0,0,0
2020,NYG,4,Andrew Thomas,T,False,0,6,33,33,74,1,1,0,0,0,0
2020,MIA,5,Tua Tagovailoa,QB,False,1,6,52,52,78,1,0,0,0,0,0
2020,LAC,6,Justin Herbert,QB,False,2,6,74,74,95,1,0,0,0,0,0
2020,CAR,7,Derrick Brown,DT,False,1,5,35,35,84,1,0,0,0,0,0
2020,ARI,8,Isaiah Simmons,LB,False,0,2,20,17,89,1,1,0,0,0,0
2020,JAX,9,C.J. Henderson,CB,False,0,2,13,4,53,1,1,0,0,0,0
2020,CLE,10,Jedrick Wills Jr.,T,False,0,3,24,24,58,1,1,0,0,0,0
2020,NYJ,11,Mekhi Becton,T,False,0,4,21,8,61,1,1,0,0,0,0
2020,LVR,12,Henry Ruggs III,WR,False,0,1,8,8,20,1,1,0,0,0,0
2020,TB,13,Tristan Wirfs,T,False,5,6,64,64,91,1,0,0,0,0,0
2020,SF,14,Javon Kinlaw,DT,False,0,3,27,14,75,1,1,0,0,0,0
2020,DEN,15,Jerry Jeudy,WR,False,1,5,31,22,91,1,0,0,0,0,0
2020,ATL,16,AJ Terrell,CB,False,0,6,31,31,93,1,1,0,0,0,0
2020,DAL,17,CeeDee Lamb,WR,False,5,6,65,65,95,1,0,0,0,0,0
2020,MIA,18,Austin Jackson,T,False,0,4,24,24,62,1,1,0,0,0,0
2020,LVR,19,Damon Arnette,CB,False,0,0,2,2,15,1,1,0,0,0,0
2020,JAX,20,K'Lavon Chaisson,DE,False,0,1,17,7,88,1,1,0,0,0,0
2020,PHI,21,Jalen Reagor,WR,False,0,2,10,7,64,1,1,0,0,0,0
2020,MIN,22,Justin Jefferson,WR,False,4,6,65,65,94,1,0,0,0,0,0
2020,LAC,23,Kenneth Murray,LB,False,0,5,32,22,90,1,1,0,0,0,0
2020,NO,24,Cesar Ruiz,C,False,0,6,29,29,89,1,1,0,0,0,0
2020,SF,25,Brandon Aiyuk,WR,False,0,5,39,39,69,1,1,0,0,0,0
2020,GB,26,Jordan Love,QB,False,0,3,42,42,57,1,1,0,0,0,0
2020,SEA,27,Jordyn Brooks,LB,False,0,5,43,20,97,1,1,0,0,0,0
2020,BAL,28,Patrick Queen,LB,False,2,6,54,39,101,1,0,0,0,0,0
2020,TEN,29,Isaiah Wilson,T,False,0,0,0,0,1,1,1,0,0,0,0
2020,MIA,30,Noah Igbinoghene,CB,False,0,1,7,4,69,1,1,0,0,0,0
2020,MIN,31,Jeff Gladney,CB,False,0,1,5,5,16,1,1,0,0,0,0
2020,KC,32,Clyde Edwards-Helaire,RB,False,0,1,18,18,52,1,1,0,0,0,0
2021,JAX,1,Trevor Lawrence,QB,False,1,5,52,52,77,1,0,0,0,0,0
2021,NYJ,2,Zach Wilson,QB,False,0,3,13,13,38,1,1,0,0,0,0
2021,SF,3,Trey Lance,QB,False,0,0,6,4,16,1,1,0,0,0,0
2021,ATL,4,Kyle Pitts,TE,False,1,5,28,28,78,1,0,0,0,0,0
2021,CIN,5,Ja'Marr Chase,WR,False,5,5,58,58,78,1,0,0,0,0,0
2021,MIA,6,Jaylen Waddle,WR,False,0,5,41,41,78,1,1,0,0,0,0
2021,DET,7,Penei Sewell,OL,False,4,5,64,64,83,1,0,0,0,0,0
2021,CAR,8,Jaycee Horn,DB,False,2,3,22,22,53,1,0,0,0,0,0
2021,DEN,9,Patrick Surtain II,DB,False,4,5,51,51,80,1,0,0,0,0,0
2021,PHI,10,DeVonta Smith,WR,False,0,5,47,47,80,1,1,0,0,0,0
2021,CHI,11,Justin Fields,QB,False,0,4,44,34,59,1,1,0,0,0,0
2021,DAL,12,Micah Parsons,LB,False,5,4,67,56,77,1,0,0,0,0,0
2021,LAC,13,Rashawn Slater,OL,False,2,3,32,32,51,1,0,0,0,0,0
2021,NYJ,14,Alijah Vera-Tucker,OL,False,0,2,14,14,43,1,1,0,0,0,0
2021,NE,15,Mac Jones,QB,False,1,3,34,24,63,1,0,0,0,0,0
2021,ARI,16,Zaven Collins,LB,False,0,4,24,24,84,1,1,0,0,0,0
2021,LVR,17,Alex Leatherwood,OL,False,0,1,8,8,21,1,1,0,0,0,0
2021,MIA,18,Jaelan Phillips,DL,False,0,2,23,19,63,1,1,0,0,0,0
2021,WAS,19,Jamin Davis,LB,False,0,2,16,16,56,1,1,0,0,0,0
2021,NYG,20,Kadarius Toney,WR,False,0,0,7,3,35,1,1,0,0,0,0
2021,IND,21,Kwity Paye,DL,False,0,5,32,32,75,1,1,0,0,0,0
2021,TEN,22,Caleb Farley,DB,False,0,0,2,1,21,1,1,0,0,0,0
2021,MIN,23,Christian Darrisaw,OL,False,0,4,26,26,58,1,1,0,0,0,0
2021,PIT,24,Najee Harris,RB,False,1,4,30,29,71,1,0,0,0,0,0
2021,JAX,25,Travis Etienne,RB,False,0,4,33,33,66,1,1,0,0,0,0
2021,CLE,26,Greg Newsome II,DB,False,0,4,19,15,71,1,1,0,0,0,0
2021,BAL,27,Rashod Bateman,WR,False,0,3,20,20,64,1,1,0,0,0,0
2021,NO,28,Payton Turner,DE,False,0,0,3,3,31,1,1,0,0,0,0
2021,GB,29,Eric Stokes,DB,False,0,4,14,9,61,1,1,0,0,0,0
2021,BUF,30,Gregory Rousseau,DL,False,0,5,38,38,78,1,1,0,0,0,0
2021,BAL,31,Odafe Oweh,DE,False,0,1,16,14,79,1,1,0,0,0,0
2021,TB,32,Joe Tryon-Shoyinka,OLB,False,0,3,23,22,82,1,1,0,0,0,0
2022,JAX,1,Travon Walker,DE,False,0,4,26,26,63,1,1,0,0,0,0
2022,DET,2,Aidan Hutchinson,DE,False,2,3,31,31,56,1,0,0,0,0,0
2022,HOU,3,Derek Stingley Jr.,CB,False,2,4,36,36,54,1,0,0,0,0,0
2022,NYJ,4,Sauce Gardner,CB,False,2,3,33,32,59,1,0,0,0,0,0
2022,NYG,5,Kayvon Thibodeaux,DE,False,0,3,24,24,53,1,1,0,0,0,0
2022,CAR,6,Ikem Ekwonu,T,False,0,4,25,25,64,1,1,0,0,0,0
2022,NYG,7,Evan Neal,OL,False,0,1,11,11,29,1,1,0,0,0,0
2022,ATL,8,Drake London,WR,False,0,4,32,32,62,1,1,0,0,0,0
2022,SEA,9,Charles Cross,OL,False,0,4,28,28,62,1,1,0,0,0,0
2022,NYJ,10,Garrett Wilson,WR,False,0,3,27,27,58,1,1,0,0,0,0
2022,NO,11,Chris Olave,WR,False,0,4,27,27,55,1,1,0,0,0,0
2022,DET,12,Jameson Williams,WR,False,0,2,26,26,50,1,1,0,0,0,0
2022,PHI,13,Jordan Davis,DT,False,0,3,24,24,64,1,1,0,0,0,0
2022,BAL,14,Kyle Hamilton,S,False,3,3,31,31,64,1,0,0,0,0,0
2022,HOU,15,Kenyon Green,OL,False,0,2,8,8,27,1,1,0,0,0,0
2022,WAS,16,Jahan Dotson,WR,False,0,3,12,8,63,1,1,0,0,0,0
2022,LAC,17,Zion Johnson,G,False,0,4,25,25,66,1,1,0,0,0,0
2022,TEN,18,Treylon Burks,WR,False,0,1,7,6,35,1,1,0,0,0,0
2022,NO,19,Trevor Penning,T,False,0,1,15,13,53,1,1,0,0,0,0
2022,PIT,20,Kenny Pickett,QB,False,0,2,14,13,36,1,1,0,0,0,0
2022,KC,21,Trent McDuffie,CB,False,0,4,33,33,56,1,1,0,0,0,0
2022,GB,22,Quay Walker,LB,False,0,4,22,22,58,1,1,0,0,0,0
2022,BUF,23,Kaiir Elam,CB,False,0,0,9,6,43,1,1,0,0,0,0
2022,DAL,24,Tyler Smith,OL,False,3,4,33,33,63,1,0,0,0,0,0
2022,BAL,25,Tyler Linderbaum,OL,False,3,4,34,34,66,1,0,0,0,0,0
2022,NYJ,26,Jermaine Johnson II,LB,False,1,2,19,19,47,1,0,0,0,0,0
2022,JAX,27,Devin Lloyd,LB,False,1,4,35,35,63,1,0,0,0,0,0
2022,GB,28,Devonte Wyatt,DT,False,0,1,10,10,57,1,1,0,0,0,0
2022,NE,29,Cole Strange,OL,False,0,3,15,11,44,1,1,0,0,0,0
2022,KC,30,George Karlaftis III,DE,False,0,4,27,27,65,1,1,0,0,0,0
2022,CIN,31,Daxton Hill,DB,False,0,2,13,13,54,1,1,0,0,0,0
2022,MIN,32,Lewis Cine,DB,False,0,0,0,0,11,1,1,0,0,0,0
2023,CAR,1,Bryce Young,QB,False,0,2,23,23,46,1,1,0,0,0,0
2023,HOU,2,C.J. Stroud,QB,False,1,3,33,33,46,1,0,0,0,0,0
2023,HOU,3,Will Anderson,LB,False,2,3,37,37,46,1,0,0,0,0,0
2023,IND,4,Anthony Richardson,QB,False,0,1,9,9,17,1,1,0,0,0,0
2023,SEA,5,Devon Witherspoon,DB,False,3,3,26,26,43,1,0,0,0,0,0
2023,ARI,6,Paris Johnson,OL,False,0,3,19,19,43,1,1,0,0,0,0
2023,LVR,7,Tyree Wilson,OLB,False,0,0,8,8,50,1,1,0,0,0,0
2023,ATL,8,Bijan Robinson,RB,False,2,3,36,36,51,1,0,0,0,0,0
2023,PHI,9,Jalen Carter,DL,False,2,2,24,24,43,1,0,0,0,0,0
2023,CHI,10,Darnell Wright,OL,False,0,3,24,24,49,1,1,0,0,0,0
2023,TEN,11,Peter Skoronski,OL,False,0,3,15,15,48,1,1,0,0,0,0
2023,DET,12,Jahmyr Gibbs,RB,False,3,1,40,40,49,1,0,0,0,0,0
2023,GB,13,Lukas Van Ness,DL,False,0,0,4,4,43,1,1,0,0,0,0
2023,PIT,14,Broderick Jones,OL,False,0,3,18,18,45,1,1,0,0,0,0
2023,NYJ,15,Will McDonald,DE,False,0,2,15,15,47,1,1,0,0,0,0
2023,WAS,16,Emmanuel Forbes,CB,False,0,1,9,3,39,1,1,0,0,0,0
2023,NE,17,Christian Gonzalez,DB,False,1,2,19,19,34,1,0,0,0,0,0
2023,DET,18,Jack Campbell,LB,False,1,3,26,26,51,1,0,0,0,0,0
2023,TB,19,Calijah Kancey,DL,False,0,1,13,13,29,1,1,0,0,0,0
2023,SEA,20,Jaxon Smith-Njigba,WR,False,2,2,30,30,51,1,0,0,0,0,0
2023,LAC,21,Quentin Johnston,WR,False,0,3,16,16,46,1,1,0,0,0,0
2023,BAL,22,Zay Flowers,WR,False,2,3,33,33,50,1,0,0,0,0,0
2023,MIN,23,Jordan Addison,WR,False,0,3,20,20,46,1,1,0,0,0,0
2023,NYG,24,Deonte Banks,DB,False,0,2,12,12,45,1,1,0,0,0,0
2023,BUF,25,Dalton Kincaid,TE,False,1,2,17,17,41,1,0,0,0,0,0
2023,DAL,26,Mazi Smith,DL,False,0,1,9,9,42,1,1,0,0,0,0
2023,JAX,27,Anton Harrison,OL,False,0,3,23,23,48,1,1,0,0,0,0
2023,CIN,28,Myles Murphy,DE,False,0,1,7,7,47,1,1,0,0,0,0
2023,NO,29,Bryan Bresee,DT,False,0,2,15,15,49,1,1,0,0,0,0
2023,PHI,30,Nolan Smith,OLB,False,0,1,13,13,45,1,1,0,0,0,0
2023,KC,31,Felix Anudike-Uzomah,DE,False,0,0,4,4,34,1,1,0,0,0,0
2024,CHI,1,Caleb Williams,QB,False,0,2,26,26,34,1,1,0,0,0,0
2024,WAS,2,Jayden Daniels,QB,False,1,1,26,26,24,1,0,0,0,0,0
2024,NE,3,Drake Maye,QB,False,2,2,26,26,30,1,0,0,0,0,0
2024,ARI,4,Marvin Harrison Jr.,WR,False,0,2,13,13,29,1,1,0,0,0,0
2024,LAC,5,Joe Alt,OL,False,1,1,12,12,22,1,0,0,0,0,0
2024,NYG,6,Malik Nabers,WR,False,1,1,12,12,19,1,0,0,0,0,0
2024,TEN,7,JC Latham,OL,False,0,2,11,11,30,1,1,0,0,0,0
2024,ATL,8,Michael Penix,QB,False,0,1,8,8,14,1,1,0,0,0,0
2024,CHI,9,Rome Odunze,WR,False,0,2,12,12,29,1,1,0,0,0,0
2024,MIN,10,J.J. McCarthy,QB,False,0,1,4,4,10,1,1,0,0,0,0
2024,NYJ,11,Olumuyiwa Fashanu,OL,False,0,1,10,10,32,1,1,0,0,0,0
2024,DEN,12,Bo Nix,QB,False,0,2,25,25,34,1,1,0,0,0,0
2024,LVR,13,Brock Bowers,TE,False,2,1,14,14,29,1,0,0,0,0,0
2024,NO,14,Taliese Fuaga,OL,False,0,2,13,13,30,1,1,0,0,0,0
2024,IND,15,Laiatu Latu,DL,False,0,1,10,10,33,1,1,0,0,0,0
2024,SEA,16,Byron Murphy,DL,False,0,1,14,14,31,1,1,0,0,0,0
2024,MIN,17,Dallas Turner,LB,False,0,1,9,9,33,1,1,0,0,0,0
2024,CIN,18,Amarius Mims,OL,False,0,2,16,16,32,1,1,0,0,0,0
2024,LAR,19,Jared Verse,DL,False,2,2,22,22,34,1,0,0,0,0,0
2024,PIT,20,Troy Fautanu,OL,False,0,1,9,9,18,1,1,0,0,0,0
2024,MIA,21,Chop Robinson,DE,False,0,0,4,4,32,1,1,0,0,0,0
2024,PHI,22,Quinyon Mitchell,CB,False,1,2,19,19,32,1,0,0,0,0,0
2024,JAX,23,Brian Thomas,WR,False,1,2,18,18,31,1,0,0,0,0,0
2024,DET,24,Terrion Arnold,DB,False,0,1,8,8,24,1,1,0,0,0,0
2024,GB,25,Jordan Morgan,OL,False,0,1,9,9,23,1,1,0,0,0,0
2024,TB,26,Graham Barton,OL,False,0,2,15,15,33,1,1,0,0,0,0
2024,ARI,27,Darius Robinson,DL,False,0,1,4,4,21,1,1,0,0,0,0
2024,KC,28,Xavier Worthy,WR,False,0,2,13,13,31,1,1,0,0,0,0
2024,DAL,29,Tyler Guyton,OL,False,0,2,9,9,25,1,1,0,0,0,0
2024,BAL,30,Nate Wiggins,CB,False,0,1,7,7,32,1,1,0,0,0,0
2024,SF,31,Ricky Pearsall,WR,False,0,1,8,8,20,1,1,0,0,0,0
2024,CAR,32,Xavier Legette,WR,False,0,2,8,8,31,1,1,0,0,0,0
2025,TEN,1,Cam Ward,QB,False,0,1,7,7,17,1,1,0,0,0,0
2025,JAX,2,Travis Hunter,WR,False,0,0,5,5,7,1,1,0,0,0,0
2025,NYG,3,Abdul Carter,DE,False,0,0,4,4,17,1,1,0,0,0,0
2025,NE,4,Will Campbell,OT,False,0,1,8,8,13,1,1,0,0,0,0
2025,CLE,5,Mason Graham,DT,False,0,1,8,8,17,1,1,0,0,0,0
2025,LVR,6,Ashton Jeanty,RB,False,0,1,7,7,17,1,1,0,0,0,0
2025,NYJ,7,Armand Membou,OL,False,0,1,7,7,17,1,1,0,0,0,0
2025,CAR,8,Tetairoa McMillan,WR,False,0,1,9,9,17,1,1,0,0,0,0
2025,NO,9,Kelvin Banks,OL,False,0,1,6,6,17,1,1,0,0,0,0
2025,CHI,10,Colston Loveland,TE,False,0,1,7,7,16,1,1,0,0,0,0
2025,SF,11,Mykel Williams,DL,False,0,0,4,4,9,1,1,0,0,0,0
2025,DAL,12,Tyler Booker,OL,False,0,1,6,6,14,1,1,0,0,0,0
2025,MIA,13,Kenneth Grant,DT,False,0,0,3,3,17,1,1,0,0,0,0
2025,IND,14,Tyler Warren,TE,False,1,1,9,9,17,1,0,0,0,0,0
2025,ATL,15,Jalon Walker,DE,False,0,1,5,5,15,1,1,0,0,0,0
2025,ARI,16,Walter Nolen,DT,False,0,0,1,1,6,1,1,0,0,0,0
2025,CIN,17,Shemar Stewart,DE,False,0,0,2,2,8,1,1,0,0,0,0
2025,SEA,18,Grey Zabel,OT,False,0,1,7,7,17,1,1,0,0,0,0
2025,TB,19,Emeka Egbuka,WR,False,0,1,9,9,17,1,1,0,0,0,0
2025,DEN,20,Jahdae Barron,CB,False,0,0,3,3,17,1,1,0,0,0,0
2025,PIT,21,Derrick Harmon,DT,False,0,0,4,4,12,1,1,0,0,0,0
2025,LAC,22,Omarion Hampton,RB,False,0,0,5,5,9,1,1,0,0,0,0
2025,GB,23,Matthew Golden,WR,False,0,0,4,4,14,1,1,0,0,0,0
2025,MIN,24,Donovan Jackson,OL,False,0,1,5,5,14,1,1,0,0,0,0
2025,NYG,25,Jaxson Dart,QB,False,0,1,11,11,14,1,1,0,0,0,0
2025,ATL,26,James Pearce,DE,False,0,0,3,3,17,1,1,0,0,0,0
2025,BAL,27,Malaki Starks,SAF,False,0,1,5,5,17,1,1,0,0,0,0
2025,DET,28,Tyleik Williams,DT,False,0,1,4,4,17,1,1,0,0,0,0
2025,WAS,29,Josh Conerly,OL,False,0,1,8,8,17,1,1,0,0,0,0
2025,BUF,30,Maxwell Hairston,CB,False,0,0,2,2,11,1,1,0,0,0,0
2025,PHI,31,Jihaad Campbell,LB,False,0,1,6,6,17,1,1,0,0,0,0
2025,KC,32,Josh Simmons,OL,False,0,0,4,4,8,1,1,0,0,0,0
