pid,name,team,PA,AB,H,HR,BB,SO,AVG,OBP,SLG,OPS
571771,Enrique Hernández,Los Angeles Dodgers,4,4,4,1,0,0,1.0,1.0,2.25,3.25
804668,Rafael Flores Jr.,Pittsburgh Pirates,5,3,2,1,2,0,0.667,0.8,2.0,2.8
670224,Kameron Misner,Kansas City Royals,6,5,3,0,1,1,0.6,0.667,0.6,1.267
683227,Cody Freeman,Texas Rangers,2,2,1,0,0,1,0.5,0.5,0.5,1.0
694224,Gabriel Gonzalez,Minnesota Twins,4,2,1,0,2,0,0.5,0.75,0.5,1.25
691458,Blaze Jordan,St. Louis Cardinals,4,4,2,0,0,2,0.5,0.5,0.5,1.0
695238,Will Wagner,San Diego Padres,10,6,3,0,4,1,0.5,0.7,0.667,1.367
813841,Jonah Cox,San Francisco Giants,16,15,6,1,0,7,0.4,0.4,0.8,1.2
683021,Michael Stefanic,Athletics,5,5,2,0,0,1,0.4,0.4,0.4,0.8
683734,Andrew Vaughn,Milwaukee Brewers,104,93,34,2,9,10,0.366,0.433,0.548,0.981
691783,Jordan Lawlar,Arizona Diamondbacks,25,22,8,1,1,7,0.364,0.44,0.545,0.985
663611,Nick Madrigal,Los Angeles Angels,39,33,12,0,5,2,0.364,0.462,0.394,0.856
676369,Nelson Velázquez,St. Louis Cardinals,25,23,8,2,1,6,0.348,0.4,0.652,1.052
672640,Otto Lopez,Miami Marlins,293,275,94,5,10,45,0.342,0.369,0.484,0.853
640492,José Azócar,Atlanta Braves,16,15,5,0,1,3,0.333,0.375,0.467,0.842
672012,Tyler Black,Milwaukee Brewers,28,27,9,0,1,7,0.333,0.357,0.481,0.838
808982,Jung Hoo Lee,San Francisco Giants,253,237,79,3,11,25,0.333,0.368,0.451,0.819
641820,Trey Mancini,Los Angeles Angels,13,12,4,0,0,2,0.333,0.308,0.5,0.808
683079,Omar Martinez,Los Angeles Angels,3,3,1,0,0,1,0.333,0.333,0.333,0.666
695731,Braden Montgomery,Chicago White Sox,13,12,4,1,1,3,0.333,0.385,0.75,1.135
678011,Anthony Seigler,Boston Red Sox,4,3,1,0,1,1,0.333,0.5,0.667,1.167
664774,LaMonte Wade Jr.,Houston Astros,13,12,4,1,1,3,0.333,0.385,0.75,1.135
650490,Yandy Díaz,Tampa Bay Rays,277,243,80,12,25,34,0.329,0.404,0.531,0.935
650333,Luis Arraez,San Francisco Giants,296,267,87,2,15,13,0.326,0.36,0.438,0.798
642350,Jose Siri,Los Angeles Angels,48,43,14,2,3,12,0.326,0.37,0.535,0.905
669016,Brandon Marsh,Philadelphia Phillies,244,227,73,8,12,59,0.322,0.357,0.498,0.855
670541,Yordan Alvarez,Houston Astros,305,252,81,24,46,53,0.321,0.433,0.659,1.092
805811,Bryce Eldridge,San Francisco Giants,113,98,31,5,14,25,0.316,0.398,0.561,0.959
685133,Wade Meckler,Los Angeles Angels,64,57,18,2,7,12,0.316,0.391,0.509,0.9
669392,Samad Taylor,San Diego Padres,23,19,6,0,3,8,0.316,0.409,0.368,0.777
682997,Tyler Callihan,Pittsburgh Pirates,22,16,5,2,6,5,0.313,0.5,0.938,1.438
687859,Troy Johnston,Colorado Rockies,245,222,69,2,18,45,0.311,0.365,0.428,0.793
664770,Nathan Lukes,Toronto Blue Jays,121,110,34,1,5,19,0.309,0.358,0.391,0.749
666126,Carlos Cortes,Athletics,183,159,49,6,21,17,0.308,0.393,0.491,0.884
673962,Josh Jung,Texas Rangers,271,247,76,8,19,43,0.308,0.362,0.47,0.832
676391,Ernie Clement,Toronto Blue Jays,279,268,82,7,9,28,0.306,0.326,0.466,0.792
660271,Shohei Ohtani,Los Angeles Dodgers,298,243,74,13,46,67,0.305,0.421,0.543,0.964
671739,Michael Harris II,Atlanta Braves,250,237,72,13,11,50,0.304,0.336,0.506,0.842
669364,Xavier Edwards,Miami Marlins,297,257,78,6,36,36,0.304,0.385,0.447,0.832
686948,Drake Baldwin,Atlanta Braves,216,188,57,13,24,44,0.303,0.389,0.543,0.932
693304,Nick Gonzales,Pittsburgh Pirates,259,239,72,2,16,45,0.301,0.351,0.372,0.723
703607,Henry Bolte,Athletics,96,83,25,1,7,29,0.301,0.385,0.386,0.771
694192,Jackson Chourio,Milwaukee Brewers,156,143,43,6,12,40,0.301,0.353,0.503,0.856
670156,Miles Mastrobuoni,Seattle Mariners,11,10,3,0,0,4,0.3,0.273,0.3,0.573
691023,Jordan Walker,St. Louis Cardinals,284,260,78,17,21,72,0.3,0.356,0.558,0.914
671976,Tristan Peters,Chicago White Sox,191,171,51,2,14,36,0.298,0.358,0.444,0.802
682985,Riley Greene,Detroit Tigers,293,252,75,8,37,82,0.298,0.389,0.456,0.845
691740,Daniel Susac,San Francisco Giants,94,84,25,0,6,20,0.298,0.355,0.381,0.736
622761,Jorge Mateo,Atlanta Braves,97,91,27,4,6,28,0.297,0.34,0.484,0.824
656577,Alex Jackson,Minnesota Twins,28,27,8,0,0,10,0.296,0.321,0.333,0.654
660821,Jesús Sánchez,Toronto Blue Jays,204,189,56,7,7,41,0.296,0.328,0.476,0.804
682818,Yohendrick Piñango,Toronto Blue Jays,121,115,34,4,6,28,0.296,0.331,0.443,0.774
680777,Ryan Jeffers,Minnesota Twins,148,122,36,7,23,23,0.295,0.408,0.541,0.949
663604,Brandon Lockridge,Milwaukee Brewers,96,85,25,0,10,25,0.294,0.368,0.341,0.709
575929,Willson Contreras,Boston Red Sox,270,229,67,14,25,68,0.293,0.389,0.537,0.926
666211,Taylor Trammell,Houston Astros,80,72,21,0,6,28,0.292,0.354,0.389,0.743
642086,Dominic Smith,Atlanta Braves,165,151,44,6,9,22,0.291,0.329,0.45,0.779
700250,Ben Rice,New York Yankees,270,230,67,18,36,62,0.291,0.389,0.609,0.998
668723,Ryan Vilade,Tampa Bay Rays,119,103,30,3,12,22,0.291,0.356,0.447,0.803
668227,Randy Arozarena,Seattle Mariners,302,261,76,7,28,66,0.291,0.377,0.448,0.825
650391,Eloy Jiménez,Toronto Blue Jays,35,31,9,0,3,7,0.29,0.343,0.29,0.633
663968,Jake Mangum,Pittsburgh Pirates,147,131,38,1,10,26,0.29,0.347,0.351,0.698
677649,Ezequiel Duran,Texas Rangers,220,200,58,4,16,53,0.29,0.342,0.445,0.787
676475,Alec Burleson,St. Louis Cardinals,289,259,75,12,26,45,0.29,0.356,0.494,0.85
669134,Luis Campusano,San Diego Padres,58,52,15,3,5,15,0.288,0.362,0.596,0.958
678882,Ceddanne Rafaela,Boston Red Sox,250,230,66,7,14,51,0.287,0.344,0.457,0.801
805779,Jacob Wilson,Athletics,172,164,47,3,6,20,0.287,0.31,0.39,0.7
691277,Deyvison De Los Santos,Miami Marlins,7,7,2,0,0,3,0.286,0.286,0.429,0.715
571657,Kyle Farmer,Atlanta Braves,15,14,4,0,0,4,0.286,0.267,0.357,0.624
502671,Paul Goldschmidt,New York Yankees,166,147,42,8,15,31,0.286,0.361,0.517,0.878
687462,Spencer Horwitz,Pittsburgh Pirates,249,210,60,9,33,32,0.286,0.382,0.462,0.844
701762,Nick Kurtz,Athletics,311,245,70,16,64,90,0.286,0.437,0.539,0.976
663624,Ryan Mountcastle,Baltimore Orioles,15,14,4,0,1,2,0.286,0.333,0.357,0.69
686894,Joey Wiemer,Washington Nationals,83,70,20,3,12,29,0.286,0.398,0.514,0.912
661388,William Contreras,Milwaukee Brewers,278,249,71,6,24,37,0.285,0.345,0.402,0.747
677942,Blaze Alexander,Baltimore Orioles,162,144,41,2,10,38,0.285,0.342,0.403,0.745
645277,Ozzie Albies,Atlanta Braves,297,264,75,10,22,36,0.284,0.34,0.447,0.787
803011,Sam Antonacci,Chicago White Sox,201,169,48,1,14,30,0.284,0.387,0.373,0.76
682928,CJ Abrams,Washington Nationals,291,250,71,14,29,60,0.284,0.375,0.52,0.895
640902,Jhonny Pereda,Seattle Mariners,65,60,17,2,4,10,0.283,0.338,0.383,0.721
665742,Juan Soto,New York Mets,222,191,54,15,29,30,0.283,0.376,0.555,0.931
606115,Orlando Arcia,Minnesota Twins,48,46,13,1,2,8,0.283,0.313,0.37,0.683
805367,Chase Meidroth,Chicago White Sox,283,248,70,5,27,61,0.282,0.353,0.395,0.748
665161,Jeremy Peña,Houston Astros,140,124,35,3,12,20,0.282,0.357,0.411,0.768
686527,Dominic Canzone,Seattle Mariners,174,156,44,10,14,35,0.282,0.345,0.564,0.909
664983,Jake McCarthy,Colorado Rockies,193,174,49,4,12,38,0.282,0.326,0.448,0.774
694362,Blake Dunn,Cincinnati Reds,111,103,29,2,7,25,0.282,0.333,0.398,0.731
669127,Shea Langeliers,Athletics,289,263,74,18,21,56,0.281,0.343,0.54,0.883
553869,Elias Díaz,Texas Rangers,33,32,9,2,1,7,0.281,0.303,0.563,0.866
518692,Freddie Freeman,Los Angeles Dodgers,293,253,71,10,34,49,0.281,0.369,0.474,0.843
665489,Vladimir Guerrero Jr.,Toronto Blue Jays,288,246,69,3,34,30,0.28,0.372,0.366,0.738
682829,Elly De La Cruz,Cincinnati Reds,257,232,65,12,22,76,0.28,0.346,0.509,0.855
677800,Wilyer Abreu,Boston Red Sox,285,257,72,8,24,56,0.28,0.338,0.44,0.778
666160,Mickey Moniak,Colorado Rockies,164,150,42,12,10,40,0.28,0.335,0.607,0.942
682998,Corbin Carroll,Arizona Diamondbacks,282,243,68,11,33,61,0.28,0.372,0.543,0.915
665487,Fernando Tatis Jr.,San Diego Padres,291,258,72,2,26,60,0.279,0.345,0.345,0.69
805808,Kevin McGonigle,Detroit Tigers,295,251,70,4,42,40,0.279,0.386,0.41,0.796
621043,Carlos Correa,Houston Astros,141,122,34,3,18,26,0.279,0.369,0.418,0.787
681624,Andy Pages,Los Angeles Dodgers,291,266,74,15,18,57,0.278,0.323,0.511,0.834
592885,Christian Yelich,Milwaukee Brewers,168,151,42,4,16,48,0.278,0.351,0.424,0.775
641343,Jake Bauers,Milwaukee Brewers,238,205,57,13,31,57,0.278,0.378,0.527,0.905
677951,Bobby Witt Jr.,Kansas City Royals,312,277,77,9,32,56,0.278,0.353,0.444,0.797
656811,Ryan O'Hearn,Pittsburgh Pirates,222,198,55,10,20,49,0.278,0.347,0.46,0.807
645302,Victor Robles,Seattle Mariners,37,36,10,0,1,6,0.278,0.297,0.333,0.63
677587,Brayan Rocchio,Cleveland Guardians,254,220,61,5,22,32,0.277,0.357,0.405,0.762
608348,Carson Kelly,Chicago Cubs,186,166,46,3,17,32,0.277,0.355,0.367,0.722
687221,Dalton Rushing,Los Angeles Dodgers,127,112,31,8,12,30,0.277,0.362,0.536,0.898
650402,Gleyber Torres,Detroit Tigers,184,152,42,4,28,32,0.276,0.391,0.388,0.779
606192,Teoscar Hernández,Los Angeles Dodgers,204,181,50,7,19,55,0.276,0.348,0.436,0.784
681198,TJ Rumfield,Colorado Rockies,267,233,64,8,27,40,0.275,0.36,0.438,0.798
695578,James Wood,Washington Nationals,326,266,73,19,56,97,0.274,0.408,0.545,0.953
680977,Brendan Donovan,Seattle Mariners,101,84,23,3,11,15,0.274,0.386,0.452,0.838
689414,Liam Hicks,Miami Marlins,259,223,61,13,26,23,0.274,0.355,0.489,0.844
691406,Junior Caminero,Tampa Bay Rays,291,249,68,14,41,47,0.273,0.375,0.486,0.861
665052,Griffin Conine,Miami Marlins,25,22,6,2,2,6,0.273,0.36,0.591,0.951
671289,Tyler Freeman,Colorado Rockies,165,143,39,3,8,19,0.273,0.354,0.371,0.725
545341,Randal Grichuk,Chicago White Sox,94,88,24,6,4,21,0.273,0.309,0.545,0.854
666018,Jonathan Aranda,Tampa Bay Rays,284,235,64,11,40,69,0.272,0.377,0.451,0.828
695506,Jac Caglianone,Kansas City Royals,236,213,58,8,20,70,0.272,0.343,0.446,0.789
669477,Casey Schmitt,San Francisco Giants,265,250,68,15,7,52,0.272,0.302,0.508,0.81
681508,Mickey Gasper,Boston Red Sox,90,81,22,0,6,19,0.272,0.326,0.346,0.672
545121,Ildemaro Vargas,Arizona Diamondbacks,236,221,60,7,10,22,0.271,0.308,0.425,0.733
676724,Jared Young,New York Mets,79,70,19,4,7,16,0.271,0.342,0.5,0.842
641355,Cody Bellinger,New York Yankees,290,244,66,10,41,36,0.27,0.369,0.475,0.844
621566,Matt Olson,Atlanta Braves,304,270,73,20,30,70,0.27,0.342,0.563,0.905
668939,Adley Rutschman,Baltimore Orioles,212,185,50,8,23,29,0.27,0.349,0.492,0.841
804606,Konnor Griffin,Pittsburgh Pirates,208,189,51,4,14,56,0.27,0.327,0.402,0.729
668709,JJ Bleday,Cincinnati Reds,176,152,41,11,23,32,0.27,0.364,0.566,0.93
665877,José Fermín,St. Louis Cardinals,99,89,24,2,8,16,0.27,0.327,0.393,0.72
676356,Jonny DeLuca,Tampa Bay Rays,125,119,32,2,5,26,0.269,0.298,0.412,0.71
663743,Nick Fortes,Tampa Bay Rays,172,160,43,1,4,22,0.269,0.31,0.35,0.66
650489,Willi Castro,Colorado Rockies,223,201,54,3,18,57,0.269,0.336,0.368,0.704
669743,Alex Call,Los Angeles Dodgers,99,82,22,0,13,13,0.268,0.384,0.329,0.713
660688,Keibert Ruiz,Washington Nationals,145,138,37,5,4,19,0.268,0.29,0.478,0.768
802415,Chandler Simpson,Tampa Bay Rays,258,239,64,0,14,29,0.268,0.306,0.318,0.624
694249,Cole Carrigg,Colorado Rockies,16,15,4,2,1,4,0.267,0.313,0.8,1.113
694378,Jacob Gonzalez,Chicago White Sox,35,30,8,1,4,10,0.267,0.371,0.367,0.738
671218,Heliot Ramos,San Francisco Giants,176,165,44,4,10,47,0.267,0.307,0.424,0.731
668930,Brice Turang,Milwaukee Brewers,291,240,64,10,47,70,0.267,0.384,0.467,0.851
672724,Oswald Peraza,Los Angeles Angels,215,199,53,7,9,53,0.266,0.318,0.437,0.755
621439,Byron Buxton,Minnesota Twins,265,241,64,21,20,68,0.266,0.328,0.585,0.913
680869,Zack Gelof,Athletics,191,177,47,8,11,50,0.266,0.312,0.458,0.77
671056,Iván Herrera,St. Louis Cardinals,305,249,66,7,39,50,0.265,0.393,0.41,0.803
668804,Bryan Reynolds,Pittsburgh Pirates,302,249,66,7,46,65,0.265,0.387,0.422,0.809
676609,José Caballero,New York Yankees,202,185,49,5,12,37,0.265,0.322,0.4,0.722
643396,Isiah Kiner-Falefa,Boston Red Sox,113,102,27,1,10,16,0.265,0.33,0.333,0.663
672580,Maikel Garcia,Kansas City Royals,271,246,65,3,23,41,0.264,0.325,0.378,0.703
665833,Oneil Cruz,Pittsburgh Pirates,283,250,66,14,30,98,0.264,0.35,0.472,0.822
676439,Hunter Feduccia,Tampa Bay Rays,85,72,19,1,9,27,0.264,0.349,0.333,0.682
595978,Austin Hedges,Cleveland Guardians,104,91,24,1,10,18,0.264,0.333,0.363,0.696
547180,Bryce Harper,Philadelphia Phillies,285,239,63,15,43,53,0.264,0.372,0.51,0.882
682987,Spencer Jones,New York Yankees,43,38,10,1,5,18,0.263,0.349,0.368,0.717
695734,Daylen Lile,Washington Nationals,303,274,72,8,23,53,0.263,0.32,0.42,0.74
621493,Taylor Ward,Baltimore Orioles,322,255,67,3,62,65,0.263,0.41,0.361,0.771
667472,Dane Myers,Cincinnati Reds,117,99,26,3,15,30,0.263,0.368,0.394,0.762
500743,Miguel Rojas,Los Angeles Dodgers,118,103,27,1,8,13,0.262,0.319,0.34,0.659
670032,Nicky Lopez,Texas Rangers,46,42,11,1,2,10,0.262,0.311,0.357,0.668
571970,Max Muncy,Los Angeles Dodgers,242,210,55,14,29,59,0.262,0.36,0.505,0.865
686681,Michael Massey,Kansas City Royals,158,149,39,6,5,28,0.262,0.28,0.456,0.736
691594,Javier Sanoja,Miami Marlins,161,149,39,2,11,18,0.262,0.313,0.376,0.689
672386,Alejandro Kirk,Toronto Blue Jays,26,23,6,1,3,2,0.261,0.346,0.478,0.824
656484,Tristan Gray,Minnesota Twins,131,119,31,4,7,39,0.261,0.3,0.395,0.695
672515,Gabriel Moreno,Arizona Diamondbacks,174,150,39,5,19,33,0.26,0.345,0.427,0.772
656305,Matt Chapman,San Francisco Giants,290,254,66,6,30,59,0.26,0.345,0.406,0.751
671277,Luis García Jr.,Washington Nationals,221,212,55,8,8,34,0.259,0.285,0.458,0.743
800050,Chase DeLauter,Cleveland Guardians,269,239,62,7,28,36,0.259,0.335,0.406,0.741
643289,Mauricio Dubón,Atlanta Braves,260,239,62,6,18,41,0.259,0.317,0.406,0.723
687515,Colby Thomas,Athletics,59,54,14,2,4,15,0.259,0.31,0.407,0.717
814439,Ryan Waldschmidt,Arizona Diamondbacks,118,108,28,0,8,39,0.259,0.316,0.352,0.668
663698,Joey Bart,Pittsburgh Pirates,62,58,15,2,2,21,0.259,0.29,0.379,0.669
808975,Hyeseong Kim,Los Angeles Dodgers,131,116,30,1,12,31,0.259,0.323,0.328,0.651
665750,Leody Taveras,Baltimore Orioles,209,178,46,2,23,44,0.258,0.345,0.365,0.71
690993,Colt Keith,Detroit Tigers,203,190,49,1,11,42,0.258,0.3,0.337,0.637
702284,Cole Young,Seattle Mariners,286,256,66,5,20,54,0.258,0.323,0.363,0.686
664034,Ty France,San Diego Padres,143,132,34,6,8,36,0.258,0.31,0.462,0.772
642708,Amed Rosario,New York Yankees,111,101,26,6,7,24,0.257,0.297,0.485,0.782
686765,Nick Sogard,Boston Red Sox,41,35,9,0,5,6,0.257,0.35,0.371,0.721
657136,Connor Wong,Boston Red Sox,86,74,19,0,7,19,0.257,0.345,0.365,0.71
691718,Pete Crow-Armstrong,Chicago Cubs,295,261,67,11,24,74,0.257,0.337,0.444,0.781
694212,Samuel Basallo,Baltimore Orioles,207,187,48,10,18,54,0.257,0.319,0.476,0.795
595879,Javier Báez,Detroit Tigers,82,78,20,2,2,16,0.256,0.28,0.397,0.677
663494,Bryan Torres,St. Louis Cardinals,45,39,10,2,5,7,0.256,0.341,0.462,0.803
701807,Carson Benge,New York Mets,259,238,61,7,17,57,0.256,0.317,0.391,0.708
662139,Daulton Varsho,Toronto Blue Jays,236,211,54,5,22,45,0.256,0.331,0.408,0.739
647304,Josh Naylor,Seattle Mariners,289,262,67,8,23,37,0.256,0.319,0.374,0.693
519317,Giancarlo Stanton,New York Yankees,96,90,23,3,6,29,0.256,0.302,0.422,0.724
622268,Donovan Walton,Los Angeles Angels,51,47,12,0,3,10,0.255,0.3,0.319,0.619
677594,Julio Rodríguez,Seattle Mariners,313,286,73,13,24,64,0.255,0.316,0.441,0.757
810938,Ben Williamson,Tampa Bay Rays,163,145,37,0,16,33,0.255,0.333,0.317,0.65
694384,Nolan Schanuel,Los Angeles Angels,219,200,51,4,14,36,0.255,0.311,0.375,0.686
607043,Brandon Nimmo,Texas Rangers,291,259,66,7,24,61,0.255,0.33,0.402,0.732
669289,Santiago Espinal,Los Angeles Dodgers,59,55,14,1,1,8,0.255,0.263,0.364,0.627
699912,Jose Fernandez,Arizona Diamondbacks,177,165,42,3,7,40,0.255,0.289,0.352,0.641
669236,Jeremiah Jackson,Baltimore Orioles,180,173,44,6,4,36,0.254,0.272,0.399,0.671
668715,Spencer Steer,Cincinnati Reds,264,232,59,10,27,55,0.254,0.337,0.435,0.772
609280,Miguel Andujar,San Diego Padres,198,189,48,5,7,33,0.254,0.288,0.418,0.706
516782,Starling Marte,Kansas City Royals,79,71,18,1,5,23,0.254,0.316,0.338,0.654
696030,Alejandro Osuna,Texas Rangers,110,91,23,0,12,15,0.253,0.376,0.275,0.651
805999,A.J. Ewing,New York Mets,114,99,25,1,12,36,0.253,0.33,0.333,0.663
673548,Seiya Suzuki,Chicago Cubs,233,206,52,10,23,61,0.252,0.335,0.432,0.767
802139,JJ Wetherholt,St. Louis Cardinals,290,246,62,9,32,48,0.252,0.359,0.39,0.749
683737,Michael Busch,Chicago Cubs,304,250,63,8,45,70,0.252,0.375,0.412,0.787
678218,Brandon Valenzuela,Toronto Blue Jays,145,127,32,7,16,32,0.252,0.333,0.457,0.79
663993,Nathaniel Lowe,Cincinnati Reds,167,147,37,9,20,39,0.252,0.341,0.497,0.838
660670,Ronald Acuña Jr.,Atlanta Braves,236,195,49,7,35,52,0.251,0.373,0.421,0.794
678246,Miguel Vargas,Chicago White Sox,296,243,61,16,45,49,0.251,0.376,0.502,0.878
669397,Nick Allen,Houston Astros,70,64,16,1,3,14,0.25,0.29,0.328,0.618
683953,Travis Bazzana,Cleveland Guardians,170,148,37,4,19,34,0.25,0.341,0.405,0.746
701675,Nathan Church,St. Louis Cardinals,170,160,40,5,6,38,0.25,0.282,0.394,0.676
693307,Dillon Dingler,Detroit Tigers,262,232,58,16,22,53,0.25,0.327,0.517,0.844
664068,Scott Kingery,Chicago Cubs,4,4,1,0,0,0,0.25,0.25,0.25,0.5
663616,Trevor Larnach,Minnesota Twins,201,172,43,3,26,41,0.25,0.358,0.372,0.73
678009,Parker Meadows,Detroit Tigers,39,36,9,0,2,10,0.25,0.308,0.333,0.641
677592,Everson Pereira,Chicago White Sox,71,64,16,3,4,21,0.25,0.31,0.453,0.763
670042,Luke Raley,Seattle Mariners,203,184,46,14,11,65,0.25,0.313,0.522,0.835
701398,Sal Stewart,Cincinnati Reds,298,256,64,13,39,61,0.25,0.349,0.453,0.802
676572,Eric Wagaman,New York Mets,5,4,1,1,0,1,0.25,0.4,1.0,1.4
664040,Brandon Lowe,Pittsburgh Pirates,279,245,61,17,30,69,0.249,0.333,0.531,0.864
669257,Will Smith,Los Angeles Dodgers,201,173,43,6,23,34,0.249,0.338,0.382,0.72
572233,Christian Walker,Houston Astros,290,262,65,17,23,63,0.248,0.317,0.5,0.817
664702,Myles Straw,Toronto Blue Jays,123,109,27,2,11,20,0.248,0.314,0.339,0.653
571448,Nolan Arenado,Arizona Diamondbacks,244,214,53,8,21,50,0.248,0.328,0.416,0.744
592450,Aaron Judge,New York Yankees,261,214,53,17,42,72,0.248,0.375,0.533,0.908
681807,David Fry,Cleveland Guardians,105,89,22,3,16,33,0.247,0.362,0.393,0.755
669003,Garrett Mitchell,Milwaukee Brewers,210,178,44,3,28,74,0.247,0.354,0.399,0.753
606466,Ketel Marte,Arizona Diamondbacks,286,263,65,11,20,45,0.247,0.297,0.441,0.738
669394,Jake Burger,Texas Rangers,270,247,61,11,20,69,0.247,0.304,0.429,0.733
608324,Alex Bregman,Chicago Cubs,314,276,68,6,32,53,0.246,0.331,0.355,0.686
687093,Vaughn Grissom,Los Angeles Angels,155,134,33,4,14,17,0.246,0.325,0.41,0.735
665019,Kody Clemens,Minnesota Twins,221,199,49,10,15,49,0.246,0.315,0.487,0.802
679822,Justin Foscue,Texas Rangers,72,65,16,3,4,18,0.246,0.306,0.446,0.752
694388,Joey Loperfido,Houston Astros,76,65,16,0,9,22,0.246,0.342,0.323,0.665
682626,Francisco Alvarez,New York Mets,138,122,30,5,11,32,0.246,0.316,0.41,0.726
624413,Pete Alonso,Baltimore Orioles,307,269,66,15,33,69,0.245,0.329,0.457,0.786
665861,Sebastián Rivero,Los Angeles Angels,57,53,13,0,3,12,0.245,0.286,0.283,0.569
668885,Austin Martin,Minnesota Twins,226,192,47,2,28,40,0.245,0.354,0.328,0.682
663538,Nico Hoerner,Chicago Cubs,312,274,67,4,30,20,0.245,0.324,0.343,0.667
664728,Kyle Isbel,Kansas City Royals,183,164,40,3,10,41,0.244,0.298,0.354,0.652
807712,Luke Keaschall,Minnesota Twins,261,230,56,1,23,41,0.243,0.322,0.309,0.631
669699,Braden Shewmake,Houston Astros,79,74,18,3,2,13,0.243,0.26,0.405,0.665
592626,Joc Pederson,Texas Rangers,207,173,42,8,28,41,0.243,0.35,0.445,0.795
687637,Dylan Beavers,Baltimore Orioles,119,103,25,2,14,28,0.243,0.331,0.369,0.7
655316,Andruw Monasterio,Boston Red Sox,109,103,25,2,6,26,0.243,0.284,0.398,0.682
650968,Yohel Pozo,St. Louis Cardinals,33,33,8,0,0,3,0.242,0.242,0.273,0.515
807747,Rikuu Nishida,Chicago White Sox,30,29,7,0,0,5,0.241,0.241,0.241,0.482
691777,Max Muncy,Athletics,117,104,25,2,7,39,0.24,0.308,0.394,0.702
678391,Jorbit Vivas,Washington Nationals,150,129,31,1,12,20,0.24,0.32,0.318,0.638
672695,Geraldo Perdomo,Arizona Diamondbacks,276,229,55,3,37,34,0.24,0.342,0.345,0.687
682657,Angel Martínez,Cleveland Guardians,242,225,54,11,7,53,0.24,0.277,0.444,0.721
808959,Munetaka Murakami,Chicago White Sox,246,200,48,20,44,80,0.24,0.378,0.56,0.938
682848,Endy Rodríguez,Pittsburgh Pirates,63,50,12,2,12,15,0.24,0.387,0.42,0.807
656941,Kyle Schwarber,Philadelphia Phillies,296,250,60,24,42,102,0.24,0.358,0.572,0.93
694371,Tommy Troy,Arizona Diamondbacks,58,50,12,1,8,11,0.24,0.345,0.34,0.685
696100,Hunter Goodman,Colorado Rockies,270,242,58,18,23,92,0.24,0.315,0.508,0.823
666176,Jo Adell,Los Angeles Angels,291,272,65,10,8,69,0.239,0.282,0.382,0.664
686797,Brooks Lee,Minnesota Twins,265,243,58,11,18,45,0.239,0.295,0.42,0.715
807799,Masataka Yoshida,Boston Red Sox,149,130,31,1,15,17,0.238,0.329,0.323,0.652
641680,Jonah Heim,Athletics,93,84,20,5,8,16,0.238,0.301,0.5,0.801
678554,Curtis Mead,Washington Nationals,195,168,40,10,24,34,0.238,0.344,0.476,0.82
680474,Max Schuemann,New York Yankees,30,21,5,0,9,7,0.238,0.467,0.381,0.848
608070,José Ramírez,Cleveland Guardians,311,265,63,10,41,44,0.238,0.339,0.415,0.754
673237,Yainer Diaz,Houston Astros,106,101,24,2,3,16,0.238,0.255,0.347,0.602
687231,Darell Hernaiz,Athletics,134,118,28,1,13,23,0.237,0.318,0.288,0.606
807713,Matt Shaw,Chicago Cubs,106,97,23,3,6,19,0.237,0.286,0.392,0.678
680700,Richie Palacios,Tampa Bay Rays,159,135,32,1,20,34,0.237,0.346,0.319,0.665
624424,Michael Conforto,Chicago Cubs,109,93,22,4,15,33,0.237,0.339,0.462,0.801
691788,Joe Mack,Miami Marlins,101,93,22,1,6,30,0.237,0.283,0.312,0.595
681715,Heriberto Hernández,Miami Marlins,138,123,29,5,13,32,0.236,0.312,0.382,0.694
573262,Mike Yastrzemski,Atlanta Braves,196,174,41,3,18,46,0.236,0.321,0.351,0.672
700932,Kyle Manzardo,Cleveland Guardians,213,187,44,7,22,69,0.235,0.324,0.396,0.72
669899,Ryan Ward,Los Angeles Dodgers,35,34,8,3,1,11,0.235,0.257,0.559,0.816
690976,Alex Freeland,Los Angeles Dodgers,154,132,31,3,17,40,0.235,0.325,0.341,0.666
643217,Andrew Benintendi,Chicago White Sox,218,196,46,7,18,61,0.235,0.295,0.408,0.703
691016,Tyler Soderstrom,Athletics,280,243,57,11,35,51,0.235,0.332,0.457,0.789
606992,Eric Haase,San Francisco Giants,51,47,11,4,3,13,0.234,0.28,0.553,0.833
663656,Kyle Tucker,Los Angeles Dodgers,284,244,57,5,36,58,0.234,0.331,0.377,0.708
694208,Moisés Ballesteros,Chicago Cubs,168,150,35,6,16,34,0.233,0.304,0.387,0.691
666152,David Hamilton,Milwaukee Brewers,192,163,38,3,20,41,0.233,0.321,0.325,0.646
670623,Isaac Paredes,Houston Astros,270,232,54,9,27,45,0.233,0.333,0.401,0.734
687957,Dustin Harris,Houston Astros,52,43,10,0,6,7,0.233,0.333,0.302,0.635
669720,Austin Hays,Chicago White Sox,44,43,10,1,1,13,0.233,0.25,0.326,0.576
696285,Jacob Young,Washington Nationals,231,215,50,8,11,44,0.233,0.283,0.391,0.674
593428,Xander Bogaerts,San Diego Padres,255,228,53,8,24,46,0.232,0.306,0.355,0.661
514888,Jose Altuve,Houston Astros,210,185,43,5,22,45,0.232,0.316,0.368,0.684
663757,Trent Grisham,New York Yankees,264,224,52,8,38,42,0.232,0.341,0.406,0.747
669707,Jared Triolo,Pittsburgh Pirates,124,112,26,0,9,31,0.232,0.295,0.268,0.563
665862,Jazz Chisholm Jr.,New York Yankees,267,237,55,9,27,76,0.232,0.311,0.405,0.716
691720,Kyle Karros,Colorado Rockies,226,194,45,3,29,49,0.232,0.332,0.335,0.667
666182,Bo Bichette,New York Mets,300,276,64,8,19,52,0.232,0.28,0.355,0.635
806068,Colt Emerson,Seattle Mariners,77,69,16,5,6,23,0.232,0.312,0.551,0.863
686217,Sal Frelick,Milwaukee Brewers,237,207,48,3,21,25,0.232,0.302,0.314,0.616
641584,Jake Fraley,Tampa Bay Rays,90,82,19,2,8,25,0.232,0.3,0.39,0.69
642715,Willy Adames,San Francisco Giants,291,272,63,11,17,82,0.232,0.278,0.426,0.704
643446,Jeff McNeil,Athletics,228,203,47,2,19,32,0.232,0.304,0.305,0.609
681481,Kerry Carpenter,Detroit Tigers,153,134,31,9,13,49,0.231,0.307,0.485,0.792
691026,Masyn Winn,St. Louis Cardinals,257,225,52,2,22,53,0.231,0.311,0.316,0.627
664731,P.J. Higgins,Cincinnati Reds,32,26,6,0,2,8,0.231,0.276,0.269,0.545
683679,Jesus Rodriguez,San Francisco Giants,43,39,9,2,3,5,0.231,0.302,0.385,0.687
642215,Weston Wilson,Baltimore Orioles,46,39,9,1,6,11,0.231,0.348,0.333,0.681
682663,Agustín Ramírez,Miami Marlins,129,113,26,2,13,28,0.23,0.318,0.345,0.663
646240,Rafael Devers,San Francisco Giants,299,274,63,9,22,92,0.23,0.288,0.409,0.697
672960,Kazuma Okamoto,Toronto Blue Jays,279,248,57,14,26,91,0.23,0.308,0.431,0.739
657757,Gavin Sheets,San Diego Padres,221,196,45,10,23,51,0.23,0.317,0.449,0.766
701350,Roman Anthony,Boston Red Sox,130,109,25,1,20,33,0.229,0.354,0.321,0.675
605137,Josh Bell,Minnesota Twins,271,249,57,7,18,65,0.229,0.284,0.365,0.649
543877,Christian Vázquez,Houston Astros,154,140,32,4,12,25,0.229,0.289,0.357,0.646
666971,Lourdes Gurriel Jr.,Arizona Diamondbacks,102,92,21,1,8,19,0.228,0.284,0.304,0.588
687263,Zach Neto,Los Angeles Angels,307,263,60,13,36,96,0.228,0.336,0.437,0.773
641487,J.P. Crawford,Seattle Mariners,233,193,44,10,34,44,0.228,0.356,0.409,0.765
702222,Justin Crawford,Philadelphia Phillies,209,193,44,2,14,43,0.228,0.287,0.326,0.613
664023,Ian Happ,Chicago Cubs,291,246,56,15,41,92,0.228,0.344,0.48,0.824
695490,Edwin Arroyo,Cincinnati Reds,25,22,5,0,2,9,0.227,0.28,0.227,0.507
694410,LuJames Groover,Arizona Diamondbacks,24,22,5,0,1,4,0.227,0.292,0.227,0.519
682177,Daniel Schneemann,Cleveland Guardians,194,176,40,4,18,56,0.227,0.299,0.347,0.646
691781,Brady House,Washington Nationals,177,163,37,7,13,50,0.227,0.282,0.399,0.681
681082,Bryson Stott,Philadelphia Phillies,236,216,49,6,16,41,0.227,0.282,0.38,0.662
657041,Lane Thomas,Kansas City Royals,157,128,29,2,25,35,0.227,0.357,0.305,0.662
672284,Jarred Kelenic,Chicago White Sox,59,53,12,1,6,20,0.226,0.305,0.321,0.626
687551,Drew Gilbert,San Francisco Giants,149,137,31,3,9,31,0.226,0.279,0.365,0.644
620443,Luis Torrens,New York Mets,126,115,26,1,5,27,0.226,0.282,0.33,0.612
683002,Gunnar Henderson,Baltimore Orioles,321,292,66,14,25,79,0.226,0.293,0.421,0.714
668952,Ryan Kreidler,Minnesota Twins,70,62,14,3,7,15,0.226,0.314,0.435,0.749
596019,Francisco Lindor,New York Mets,105,93,21,2,11,19,0.226,0.314,0.355,0.669
664954,Brett Sullivan,Colorado Rockies,100,93,21,3,4,20,0.226,0.263,0.387,0.65
666397,Edouard Julien,Colorado Rockies,187,164,37,2,22,52,0.226,0.321,0.305,0.626
545361,Mike Trout,Los Angeles Angels,312,244,55,15,65,76,0.225,0.394,0.451,0.845
543309,Kyle Higashioka,Texas Rangers,124,111,25,4,12,33,0.225,0.306,0.36,0.666
694671,Wyatt Langford,Texas Rangers,113,107,24,2,6,26,0.224,0.265,0.364,0.629
596103,Austin Slater,Tampa Bay Rays,65,58,13,0,6,19,0.224,0.292,0.276,0.568
683146,Brett Baty,New York Mets,233,210,47,3,19,65,0.224,0.289,0.319,0.608
681297,Colton Cowser,Baltimore Orioles,166,143,32,7,19,48,0.224,0.315,0.392,0.707
673357,Luis Robert Jr.,New York Mets,98,85,19,2,13,17,0.224,0.327,0.329,0.656
679845,Nick Loftin,Kansas City Royals,115,94,21,1,14,14,0.223,0.333,0.362,0.695
686469,Vinnie Pasquantino,Kansas City Royals,288,251,56,6,32,50,0.223,0.309,0.351,0.66
607208,Trea Turner,Philadelphia Phillies,299,278,62,7,20,67,0.223,0.274,0.338,0.612
664761,Alec Bohm,Philadelphia Phillies,261,238,53,8,18,37,0.223,0.28,0.361,0.641
690924,Braxton Fulford,Colorado Rockies,31,27,6,1,3,12,0.222,0.29,0.37,0.66
669087,Sam Huff,Baltimore Orioles,18,18,4,0,0,8,0.222,0.222,0.333,0.555
663457,Lars Nootbaar,St. Louis Cardinals,31,27,6,2,4,7,0.222,0.323,0.519,0.842
665926,Andrés Giménez,Toronto Blue Jays,239,221,49,6,8,46,0.222,0.269,0.353,0.622
543760,Marcus Semien,New York Mets,272,249,55,8,18,57,0.221,0.273,0.349,0.622
695657,Colson Montgomery,Chicago White Sox,275,240,53,16,26,84,0.221,0.32,0.471,0.791
681351,Logan O'Hoppe,Los Angeles Angels,159,141,31,3,13,38,0.22,0.297,0.326,0.623
701358,Cam Smith,Houston Astros,265,232,51,7,26,72,0.22,0.307,0.362,0.669
691785,Marcelo Mayer,Boston Red Sox,193,173,38,3,13,33,0.22,0.281,0.312,0.593
669065,Kyle Stowers,Miami Marlins,197,173,38,5,19,57,0.22,0.306,0.382,0.688
624585,Jorge Soler,Los Angeles Angels,243,214,47,9,22,76,0.22,0.3,0.402,0.702
596142,Gary Sánchez,Milwaukee Brewers,130,105,23,7,23,26,0.219,0.369,0.476,0.845
677595,Ronny Mauricio,New York Mets,32,32,7,1,0,12,0.219,0.219,0.313,0.532
553993,Eugenio Suárez,Cincinnati Reds,167,151,33,5,15,51,0.219,0.287,0.358,0.645
680757,Steven Kwan,Cleveland Guardians,268,225,49,1,35,27,0.218,0.326,0.267,0.593
665804,Miguel Amaya,Chicago Cubs,113,92,20,3,14,24,0.217,0.351,0.348,0.699
699393,Pedro Ramírez,Chicago Cubs,26,23,5,0,3,1,0.217,0.308,0.261,0.569
669701,Josh Smith,Texas Rangers,108,92,20,0,14,20,0.217,0.324,0.239,0.563
686555,Isaac Collins,Kansas City Royals,229,189,41,3,31,59,0.217,0.339,0.307,0.646
671655,George Valera,Cleveland Guardians,38,37,8,0,1,8,0.216,0.237,0.297,0.534
642201,Eli White,Atlanta Braves,81,74,16,2,5,14,0.216,0.272,0.351,0.623
702616,Jackson Holliday,Baltimore Orioles,76,65,14,3,9,21,0.215,0.303,0.4,0.703
695600,Carter Jensen,Kansas City Royals,237,209,45,8,22,70,0.215,0.287,0.383,0.67
670764,Taylor Walls,Tampa Bay Rays,178,149,32,0,21,44,0.215,0.318,0.282,0.6
683357,Owen Caissie,Miami Marlins,189,168,36,6,14,75,0.214,0.275,0.381,0.656
695020,Tanner Murray,Chicago White Sox,33,28,6,1,2,7,0.214,0.281,0.321,0.602
686475,Tyler Tolbert,Kansas City Royals,16,14,3,0,2,6,0.214,0.313,0.214,0.527
605170,Victor Caratini,Minnesota Twins,191,159,34,3,17,38,0.214,0.309,0.302,0.611
679529,Spencer Torkelson,Detroit Tigers,266,230,49,11,30,87,0.213,0.312,0.417,0.729
641857,Ryan McMahon,New York Yankees,184,169,36,7,14,58,0.213,0.273,0.361,0.634
669326,Bryce Teodosio,Los Angeles Angels,51,47,10,0,3,18,0.213,0.26,0.255,0.515
656537,Derek Hill,Chicago White Sox,90,80,17,4,7,29,0.213,0.284,0.375,0.659
675961,Alika Williams,Athletics,35,33,7,1,1,10,0.212,0.235,0.364,0.599
686780,Pedro Pagés,St. Louis Cardinals,130,118,25,4,5,31,0.212,0.254,0.347,0.601
694514,Sterlin Thompson,Colorado Rockies,59,52,11,0,5,15,0.212,0.305,0.25,0.555
668901,Mark Vientos,New York Mets,204,194,41,7,7,46,0.211,0.245,0.366,0.611
678662,Ezequiel Tovar,Colorado Rockies,251,232,49,5,14,70,0.211,0.259,0.332,0.591
676694,Jake Meyers,Houston Astros,110,100,21,2,8,22,0.21,0.273,0.31,0.583
624428,Adam Frazier,Los Angeles Angels,93,81,17,1,9,28,0.21,0.297,0.333,0.63
677588,José Tena,Washington Nationals,134,124,26,3,9,43,0.21,0.269,0.355,0.624
680776,Jarren Duran,Boston Red Sox,276,253,53,10,18,82,0.209,0.268,0.379,0.647
681393,Connor Norby,Miami Marlins,209,177,37,4,23,59,0.209,0.325,0.339,0.664
694728,Brice Matthews,Houston Astros,171,158,33,5,11,55,0.209,0.259,0.342,0.601
663586,Austin Riley,Atlanta Braves,281,249,52,8,24,80,0.209,0.292,0.357,0.649
665966,Carlos Narváez,Boston Red Sox,128,115,24,2,10,38,0.209,0.283,0.304,0.587
687401,Joey Ortiz,Milwaukee Brewers,164,139,29,1,20,27,0.209,0.304,0.266,0.57
682622,Noelvi Marte,Cincinnati Reds,52,48,10,1,4,13,0.208,0.269,0.292,0.561
663886,Tyler Stephenson,Cincinnati Reds,194,168,35,5,24,51,0.208,0.304,0.339,0.643
543807,George Springer,Toronto Blue Jays,211,183,38,6,23,40,0.208,0.303,0.361,0.664
686668,Brenton Doyle,Colorado Rockies,122,111,23,1,11,40,0.207,0.279,0.27,0.549
596115,Trevor Story,Boston Red Sox,176,165,34,3,8,57,0.206,0.244,0.303,0.547
680574,Matt McLain,Cincinnati Reds,257,224,46,8,30,62,0.205,0.305,0.362,0.667
701678,Hao-Yu  Lee,Detroit Tigers,87,83,17,2,4,24,0.205,0.241,0.337,0.578
521692,Salvador Perez,Kansas City Royals,270,249,51,9,12,51,0.205,0.252,0.337,0.589
663837,Matt Vierling,Detroit Tigers,191,171,35,4,16,31,0.205,0.267,0.345,0.612
650859,Luis Rengifo,Milwaukee Brewers,205,181,37,0,19,24,0.204,0.281,0.254,0.535
669004,MJ Melendez,New York Mets,116,98,20,4,11,39,0.204,0.313,0.398,0.711
543510,James McCann,Arizona Diamondbacks,62,59,12,0,1,17,0.203,0.217,0.254,0.471
657656,Ramón Laureano,San Diego Padres,206,182,37,7,20,65,0.203,0.286,0.374,0.66
677870,Leo Jiménez,Miami Marlins,74,64,13,0,6,13,0.203,0.297,0.219,0.516
683083,Nasim Nuñez,Washington Nationals,222,192,39,0,22,49,0.203,0.287,0.229,0.516
701538,Jackson Merrill,San Diego Padres,272,247,50,6,22,66,0.202,0.27,0.332,0.602
624641,Edmundo Sosa,Philadelphia Phillies,107,99,20,3,3,25,0.202,0.236,0.333,0.569
805300,Jakob Marsee,Miami Marlins,282,233,47,3,40,64,0.202,0.335,0.3,0.635
702332,Caleb Durbin,Boston Red Sox,214,194,39,3,12,30,0.201,0.259,0.325,0.584
682668,Luisangel Acuña,Chicago White Sox,126,115,23,0,7,21,0.2,0.248,0.217,0.465
672356,Gabriel Arias,Cleveland Guardians,32,30,6,2,2,12,0.2,0.25,0.433,0.683
663609,Luken Baker,Arizona Diamondbacks,5,5,1,0,0,3,0.2,0.2,0.2,0.4
699625,Jimmy Crooks,St. Louis Cardinals,28,25,5,1,3,8,0.2,0.286,0.36,0.646
691176,Jasson Domínguez,New York Yankees,32,30,6,1,1,4,0.2,0.25,0.367,0.617
691373,Jhostynxon Garcia,Pittsburgh Pirates,37,35,7,0,1,10,0.2,0.243,0.229,0.472
805347,Jim Jarvis,Atlanta Braves,5,5,1,0,0,2,0.2,0.2,0.2,0.4
682641,Luis Matos,Milwaukee Brewers,21,20,4,0,1,7,0.2,0.238,0.2,0.438
805672,Collin Price,Houston Astros,11,10,2,0,1,5,0.2,0.273,0.3,0.573
668942,Josh Rojas,Kansas City Royals,5,5,1,0,0,0,0.2,0.2,0.2,0.4
667670,Brent Rooker,Athletics,203,180,36,10,19,65,0.2,0.281,0.389,0.67
665923,Esteury Ruiz,Miami Marlins,64,55,11,3,7,20,0.2,0.297,0.473,0.77
823550,Sung-Mun Song,San Diego Padres,46,40,8,0,6,11,0.2,0.304,0.225,0.529
596117,Garrett Stubbs,Philadelphia Phillies,24,20,4,0,1,4,0.2,0.292,0.2,0.492
644433,Chadwick Tromp,Atlanta Braves,27,25,5,0,0,7,0.2,0.192,0.24,0.432
669717,Will Wilson,Seattle Mariners,6,5,1,1,1,1,0.2,0.333,0.8,1.133
518595,Travis d'Arnaud,Los Angeles Angels,40,35,7,1,3,7,0.2,0.3,0.314,0.614
668904,Royce Lewis,Minnesota Twins,144,126,25,5,14,40,0.198,0.285,0.349,0.634
694377,Nick Yorke,Pittsburgh Pirates,86,76,15,1,7,17,0.197,0.279,0.276,0.555
592663,J.T. Realmuto,Philadelphia Phillies,172,153,30,3,13,34,0.196,0.279,0.281,0.56
666969,Adolis García,Philadelphia Phillies,259,231,45,7,21,84,0.195,0.27,0.329,0.599
672820,Lenyn Sosa,Toronto Blue Jays,117,113,22,1,1,25,0.195,0.207,0.283,0.49
669357,Nolan Gorman,St. Louis Cardinals,229,201,39,7,25,74,0.194,0.279,0.318,0.597
683011,Anthony Volpe,New York Yankees,78,67,13,1,11,17,0.194,0.308,0.299,0.607
687363,Victor Scott II,St. Louis Cardinals,184,155,30,2,16,44,0.194,0.276,0.258,0.534
542303,Marcell Ozuna,Pittsburgh Pirates,208,187,36,5,19,60,0.193,0.274,0.299,0.573
691723,Coby Mayo,Baltimore Orioles,194,177,34,9,14,63,0.192,0.258,0.379,0.637
457705,Andrew McCutchen,Texas Rangers,83,73,14,1,9,22,0.192,0.277,0.26,0.537
701305,Zach Dezenzo,Houston Astros,51,47,9,1,4,19,0.191,0.255,0.34,0.595
592206,Nick Castellanos,San Diego Padres,122,115,22,4,5,34,0.191,0.221,0.339,0.56
695257,Billy Cook,Pittsburgh Pirates,21,21,4,0,0,8,0.19,0.19,0.19,0.38
656555,Rhys Hoskins,Cleveland Guardians,193,153,29,6,34,54,0.19,0.337,0.379,0.716
666181,Will Benson,Cincinnati Reds,113,95,18,3,16,37,0.189,0.313,0.337,0.65
686611,Dylan Crews,Washington Nationals,79,74,14,3,2,15,0.189,0.241,0.324,0.565
660162,Yoán Moncada,Los Angeles Angels,130,111,21,3,17,45,0.189,0.308,0.297,0.605
680728,Adrian Del Castillo,Arizona Diamondbacks,134,122,23,4,11,41,0.189,0.254,0.32,0.574
641933,Tyler O'Neill,Baltimore Orioles,133,117,22,2,14,35,0.188,0.286,0.274,0.56
656775,Cedric Mullins,Tampa Bay Rays,228,197,37,6,20,42,0.188,0.275,0.31,0.585
807727,Charles McAdoo,Toronto Blue Jays,16,16,3,1,0,5,0.188,0.188,0.375,0.563
608369,Corey Seager,Texas Rangers,204,177,33,9,23,54,0.186,0.284,0.373,0.657
641598,Mitch Garver,Seattle Mariners,103,86,16,3,17,30,0.186,0.32,0.314,0.634
672761,Wenceel Pérez,Detroit Tigers,169,156,29,7,13,28,0.186,0.249,0.359,0.608
621438,Tyrone Taylor,New York Mets,104,97,18,3,3,19,0.186,0.21,0.32,0.53
700337,Edgar Quero,Chicago White Sox,152,130,24,2,12,39,0.185,0.26,0.238,0.498
695336,Thomas Saggese,St. Louis Cardinals,82,76,14,1,6,26,0.184,0.244,0.276,0.52
666139,Josh Lowe,Los Angeles Angels,134,125,23,5,6,39,0.184,0.226,0.32,0.546
687597,Jordan Beck,Colorado Rockies,88,82,15,1,5,22,0.183,0.227,0.305,0.532
656582,Connor Joe,Seattle Mariners,39,33,6,1,6,11,0.182,0.308,0.333,0.641
692216,CJ Kayfus,Cleveland Guardians,25,22,4,1,2,8,0.182,0.28,0.364,0.644
605141,Mookie Betts,Los Angeles Dodgers,152,138,25,6,12,18,0.181,0.25,0.341,0.591
677950,Alek Thomas,Arizona Diamondbacks,100,94,17,2,3,23,0.181,0.222,0.34,0.562
656716,Zach McKinstry,Detroit Tigers,155,133,24,2,18,27,0.18,0.275,0.263,0.538
686452,Drew Millas,Washington Nationals,115,100,18,2,10,25,0.18,0.268,0.27,0.538
621020,Dansby Swanson,Chicago Cubs,254,217,39,7,32,61,0.18,0.285,0.318,0.603
670770,TJ Friedl,Cincinnati Reds,178,156,28,2,13,42,0.179,0.259,0.256,0.515
680737,Michael Helman,Texas Rangers,31,28,5,1,1,6,0.179,0.233,0.321,0.554
593871,Jorge Polanco,New York Mets,61,56,10,1,5,11,0.179,0.246,0.286,0.532
669369,Bryce Johnson,San Diego Padres,49,45,8,0,3,18,0.178,0.229,0.222,0.451
592518,Manny Machado,San Diego Padres,274,242,43,11,27,61,0.178,0.256,0.355,0.611
682674,Victor Bericoto,San Francisco Giants,17,17,3,1,0,6,0.176,0.176,0.353,0.529
687749,Jase Bowen,San Diego Padres,18,17,3,0,1,7,0.176,0.222,0.176,0.398
682877,Juan Brito,Cleveland Guardians,56,51,9,0,4,17,0.176,0.25,0.255,0.505
666464,Jerar Encarnacion,San Francisco Giants,35,34,6,0,1,8,0.176,0.2,0.206,0.406
683748,Victor Mesa Jr.,Tampa Bay Rays,40,34,6,1,5,11,0.176,0.282,0.265,0.547
694497,Evan Carter,Texas Rangers,229,193,34,6,29,54,0.176,0.292,0.321,0.613
671732,Lawrence Butler,Athletics,186,166,29,4,20,48,0.175,0.263,0.271,0.534
624512,Reese McGuire,Chicago White Sox,34,29,5,0,2,9,0.172,0.273,0.172,0.445
678489,Jorge Barrosa,Arizona Diamondbacks,110,99,17,1,8,34,0.172,0.241,0.313,0.554
641555,J.C. Escarra,New York Yankees,76,70,12,0,5,18,0.171,0.224,0.257,0.481
643376,Danny Jansen,Texas Rangers,142,123,21,3,13,40,0.171,0.277,0.309,0.586
664056,Harrison Bader,San Francisco Giants,111,106,18,5,4,34,0.17,0.198,0.358,0.556
672016,Denzel Clarke,Athletics,60,53,9,0,4,24,0.17,0.228,0.189,0.417
694374,Tim Tawa,Arizona Diamondbacks,70,59,10,1,8,16,0.169,0.265,0.254,0.519
690984,Petey Halpin,Cleveland Guardians,31,30,5,0,1,8,0.167,0.194,0.2,0.394
663697,Jonathan India,Kansas City Royals,58,48,8,2,8,13,0.167,0.31,0.313,0.623
690291,Jace Jung,Detroit Tigers,8,6,1,0,2,1,0.167,0.375,0.167,0.542
670097,Zack Short,Detroit Tigers,46,36,6,0,7,12,0.167,0.304,0.222,0.526
670242,Matt Wallner,Minnesota Twins,135,120,20,4,10,53,0.167,0.259,0.292,0.551
669224,Austin Wells,New York Yankees,169,145,24,4,23,45,0.166,0.278,0.255,0.533
672275,Patrick Bailey,Cleveland Guardians,144,133,22,2,10,36,0.165,0.222,0.248,0.47
688363,Graham Pauley,Miami Marlins,91,85,14,1,5,22,0.165,0.211,0.271,0.482
681546,James Outman,Detroit Tigers,73,67,11,1,5,30,0.164,0.233,0.299,0.532
691011,Drew Romo,Chicago White Sox,93,80,13,5,10,21,0.163,0.261,0.4,0.661
666624,Christopher Morel,Miami Marlins,73,68,11,0,4,28,0.162,0.219,0.206,0.425
663728,Cal Raleigh,Seattle Mariners,181,161,26,7,18,57,0.161,0.243,0.317,0.56
664059,Sam Haggerty,Texas Rangers,47,44,7,0,2,16,0.159,0.213,0.182,0.395
605244,Aramis Garcia,Arizona Diamondbacks,19,19,3,1,0,6,0.158,0.158,0.316,0.474
694025,Felix Reyes,Philadelphia Phillies,38,38,6,1,0,9,0.158,0.158,0.263,0.421
668670,Jake Rogers,Detroit Tigers,67,57,9,1,6,20,0.158,0.242,0.281,0.523
602104,Ramón Urías,St. Louis Cardinals,68,57,9,2,6,12,0.158,0.279,0.316,0.595
669398,Gage Workman,Detroit Tigers,38,38,6,2,0,16,0.158,0.158,0.395,0.553
805904,Zach Cole,Houston Astros,53,51,8,3,1,21,0.157,0.189,0.353,0.542
623168,Tyler Heineman,Toronto Blue Jays,87,78,12,1,2,19,0.154,0.205,0.205,0.41
666023,Freddy Fermin,San Diego Padres,139,121,18,3,12,29,0.149,0.234,0.264,0.498
665953,Andrés Chaparro,Washington Nationals,35,27,4,0,8,7,0.148,0.343,0.222,0.565
630105,Jake Cronenworth,San Diego Padres,114,97,14,1,14,23,0.144,0.272,0.196,0.468
672642,Steward Berroa,Philadelphia Phillies,7,7,1,0,0,4,0.143,0.143,0.143,0.286
694203,Denzer Guzman,Los Angeles Angels,14,14,2,0,0,2,0.143,0.143,0.214,0.357
669288,Daniel Johnson,Houston Astros,17,14,2,0,2,3,0.143,0.294,0.143,0.437
666310,Bo Naylor,Cleveland Guardians,90,84,12,2,6,21,0.143,0.2,0.238,0.438
666931,Jared Oliva,San Francisco Giants,7,7,1,0,0,1,0.143,0.143,0.143,0.286
690022,Ryan Ritter,Colorado Rockies,7,7,1,0,0,3,0.143,0.143,0.143,0.286
663647,Ke'Bryan Hayes,Cincinnati Reds,128,120,17,2,8,20,0.142,0.195,0.225,0.42
663330,Jahmai Jones,Detroit Tigers,88,79,11,2,9,26,0.139,0.227,0.241,0.468
680779,Henry Davis,Pittsburgh Pirates,142,123,17,5,14,30,0.138,0.241,0.285,0.526
608701,Rob Refsnyder,Seattle Mariners,98,87,12,3,6,29,0.138,0.204,0.241,0.445
624431,Jose Trevino,Cincinnati Reds,32,29,4,0,1,5,0.138,0.167,0.172,0.339
663584,Hayden Senger,New York Mets,17,15,2,1,0,4,0.133,0.133,0.333,0.466
660844,Leo Rivas,Seattle Mariners,120,99,13,0,15,36,0.131,0.263,0.172,0.435
694376,Shay Whitcomb,Houston Astros,24,23,3,2,1,11,0.13,0.167,0.391,0.558
669208,Ryan Bliss,Seattle Mariners,10,8,1,0,1,3,0.125,0.2,0.125,0.325
660644,Vidal Bruján,New York Mets,10,8,1,0,1,0,0.125,0.222,0.125,0.347
621550,Patrick Wisdom,Seattle Mariners,43,40,5,1,3,18,0.125,0.186,0.225,0.411
676914,Davis Schneider,Toronto Blue Jays,91,73,9,1,17,31,0.123,0.289,0.205,0.494
677956,Rece Hinds,Cincinnati Reds,36,33,4,0,1,18,0.121,0.167,0.212,0.379
656976,Pavin Smith,Arizona Diamondbacks,32,25,3,0,6,9,0.12,0.281,0.12,0.401
663368,Blake Perkins,Milwaukee Brewers,82,71,8,0,9,19,0.113,0.222,0.155,0.377
682634,Kevin Alcántara,Chicago Cubs,10,9,1,0,1,4,0.111,0.2,0.111,0.311
600869,Jeimer Candelario,Los Angeles Angels,20,18,2,0,1,8,0.111,0.2,0.222,0.422
699013,Esmerlyn Valdez,Pittsburgh Pirates,21,19,2,2,2,10,0.105,0.19,0.421,0.611
660710,Rodolfo Durán,San Diego Padres,37,29,3,1,7,9,0.103,0.297,0.241,0.538
665561,Rafael Marchán,Philadelphia Phillies,71,68,7,2,1,13,0.103,0.141,0.191,0.332
656413,Stuart Fairchild,Cleveland Guardians,15,10,1,0,5,8,0.1,0.4,0.1,0.5
700246,Carson Williams,Tampa Bay Rays,33,30,3,0,2,11,0.1,0.156,0.133,0.289
675659,Greg Jones,Milwaukee Brewers,22,21,2,0,0,9,0.095,0.095,0.095,0.19
673490,Ha-Seong Kim,Atlanta Braves,60,54,5,0,6,14,0.093,0.183,0.093,0.276
686554,Oliver Dunn,Tampa Bay Rays,12,11,1,0,1,3,0.091,0.167,0.091,0.258
686823,Will Brennan,San Francisco Giants,23,23,2,0,0,3,0.087,0.087,0.087,0.174
628451,Andy Ibáñez,New York Mets,26,23,2,0,1,3,0.087,0.115,0.087,0.202
506702,Sandy León,Atlanta Braves,36,36,3,0,0,14,0.083,0.083,0.083,0.166
467793,Carlos Santana,Arizona Diamondbacks,26,24,2,0,2,8,0.083,0.154,0.125,0.279
805249,Otto Kemp,Philadelphia Phillies,27,25,2,0,1,10,0.08,0.148,0.08,0.228
642851,Austin Wynns,Atlanta Braves,57,53,4,0,3,14,0.075,0.125,0.075,0.2
683766,Christian Koss,San Francisco Giants,15,14,1,0,0,2,0.071,0.133,0.143,0.276
669221,Sean Murphy,Atlanta Braves,14,14,1,0,0,6,0.071,0.071,0.071,0.142
663967,César Salazar,Houston Astros,22,18,1,0,3,3,0.056,0.227,0.056,0.283
680718,Addison Barger,Toronto Blue Jays,28,22,1,0,5,7,0.045,0.214,0.091,0.305
677060,Chad Stevens,Colorado Rockies,34,28,1,0,5,13,0.036,0.176,0.036,0.212
666185,Dylan Carlson,Chicago Cubs,4,4,0,0,0,2,0.0,0.0,0.0,0.0
681987,Nate Eaton,Boston Red Sox,1,1,0,0,0,0,0.0,0.0,0.0,0.0
668974,Maverick Handley,Baltimore Orioles,1,1,0,0,0,1,0.0,0.0,0.0,0.0
695391,Brett Harris,Athletics,6,4,0,0,1,2,0.0,0.333,0.0,0.333
671083,Buddy Kennedy,San Francisco Giants,8,7,0,0,1,3,0.0,0.125,0.0,0.125
664238,Dylan Moore,Philadelphia Phillies,15,12,0,0,3,6,0.0,0.2,0.0,0.2
703492,Nick Morabito,New York Mets,12,11,0,0,0,9,0.0,0.083,0.0,0.083
502054,Tommy Pham,New York Mets,14,13,0,0,1,7,0.0,0.071,0.0,0.071
693409,César Prieto,St. Louis Cardinals,17,17,0,0,0,2,0.0,0.0,0.0,0.0
691620,Jeferson Quero,Milwaukee Brewers,2,1,0,0,1,0,0.0,0.5,0.0,0.5
687282,Gabriel Rincones Jr.,Philadelphia Phillies,3,3,0,0,0,2,0.0,0.0,0.0,0.0
642020,Chuckie Robinson,Los Angeles Dodgers,3,2,0,0,0,0,0.0,0.0,0.0,0.0
671286,Johnathan Rodríguez,Baltimore Orioles,11,7,0,0,3,4,0.0,0.273,0.0,0.273
645305,Ali Sánchez,New York Yankees,8,7,0,0,1,4,0.0,0.125,0.0,0.125
642133,Rowdy Tellez,Atlanta Braves,1,1,0,0,0,0,0.0,0.0,0.0,0.0
673995,Davis Wendzel,Pittsburgh Pirates,4,4,0,0,0,0,0.0,0.0,0.0,0.0
663897,Luke Williams,Atlanta Braves,1,0,0,0,1,0,0.0,1.0,0.0,1.0
