pid,name,team,IP,G,GS,K,BB,HR,ER,ERA,WHIP
695239,Robby Ahlstrom,Texas Rangers,5.67,4,0,3,0,0,0,0.0,0.53
671106,Logan Allen,Cleveland Guardians,4.0,1,0,7,1,0,0,0.0,1.5
681084,Tanner Andrews,Toronto Blue Jays,3.0,2,0,1,2,0,0,0.0,1.0
686930,Mason Barnett,Athletics,9.67,4,0,13,4,0,0,0.0,0.72
621389,Ty Blach,Chicago Cubs,3.0,1,0,2,0,0,0,0.0,0.33
592155,Cam Booser,Tampa Bay Rays,4.0,3,0,5,1,0,0,0.0,0.75
682997,Tyler Callihan,Pittsburgh Pirates,1.0,1,0,0,1,0,0,0.0,2.0
666126,Carlos Cortes,Athletics,2.0,2,0,0,2,0,0,0.0,1.5
676105,Jeff Criswell,Colorado Rockies,2.0,2,0,2,2,0,0,0.0,1.5
672442,Yovanny Cruz,New York Yankees,2.33,2,0,3,0,0,0,0.0,0.43
689546,Nick Davila,Seattle Mariners,9.67,9,0,6,6,0,0,0.0,1.03
701474,Duncan Davitt,Chicago White Sox,1.0,1,0,0,1,0,0,0.0,1.0
650960,Daniel Duarte,New York Mets,2.33,1,0,1,0,0,0,0.0,0.43
664744,Jose Espada,Baltimore Orioles,1.0,1,0,0,0,0,0,0.0,2.0
681751,Lazaro Estrada,Toronto Blue Jays,4.0,1,0,3,2,0,0,0.0,0.5
687941,Alec Gamboa,Boston Red Sox,1.67,2,0,3,0,0,0,0.0,0.0
623352,Josh Hader,Houston Astros,5.0,5,0,7,1,0,0,0.0,0.2
664059,Sam Haggerty,Texas Rangers,1.0,1,0,0,0,0,0,0.0,0.0
700327,Welinton Herrera,Colorado Rockies,2.33,3,0,2,1,0,0,0.0,1.29
664731,P.J. Higgins,Cincinnati Reds,1.0,1,0,1,0,0,0,0.0,0.0
592454,Tommy Kahnle,Boston Red Sox,4.0,3,0,3,2,0,0,0.0,1.5
675916,James Karinchak,Atlanta Braves,1.0,1,0,1,0,0,0,0.0,1.0
687531,William Kempner,Miami Marlins,6.67,5,0,8,2,0,0,0.0,0.75
657649,Jared Koenig,Milwaukee Brewers,2.33,3,0,4,2,0,0,0.0,2.14
621139,Brooks Kriske,Athletics,2.67,2,0,2,1,0,0,0.0,1.13
622761,Jorge Mateo,Atlanta Braves,1.0,1,0,0,0,0,0,0.0,1.0
694646,Chayce McDermott,Los Angeles Dodgers,1.0,1,0,1,0,0,0,0.0,1.0
668834,Easton McGee,Milwaukee Brewers,2.0,2,0,1,1,0,0,0.0,1.0
624512,Reese McGuire,Chicago White Sox,1.0,1,0,0,0,0,0,0.0,0.0
682989,Victor Mederos,Atlanta Braves,2.0,1,0,0,1,0,0,0.0,0.5
621345,A.J. Minter,New York Mets,6.67,7,0,6,1,0,0,0.0,0.75
683627,Anthony Molina,Atlanta Braves,2.0,1,0,0,1,0,0,0.0,0.5
696519,Samy Natera Jr.,Los Angeles Angels,2.67,2,0,4,1,0,0,0.0,0.38
700842,Eduardo Rivera,Boston Red Sox,3.33,1,0,3,0,0,0,0.0,0.3
668670,Jake Rogers,Detroit Tigers,1.33,2,0,1,0,0,0,0.0,1.5
621074,Michael Rucker,Seattle Mariners,1.0,1,0,1,0,0,0,0.0,0.0
605441,Yacksel Ríos,Chicago Cubs,1.67,1,0,2,0,0,0,0.0,0.0
691594,Javier Sanoja,Miami Marlins,2.0,2,0,1,0,0,0,0.0,0.5
681916,Dylan Smith,San Francisco Giants,4.0,5,0,4,2,0,0,0.0,0.5
805427,Drew Sommers,Detroit Tigers,4.67,6,0,7,3,0,0,0.0,1.07
592779,Brock Stewart,Los Angeles Dodgers,2.0,2,0,3,1,0,0,0.0,0.5
676702,Hunter Stratton,Atlanta Braves,1.0,1,0,1,0,0,0,0.0,1.0
596117,Garrett Stubbs,Philadelphia Phillies,1.0,1,0,0,0,0,0,0.0,0.0
807743,Sean Sullivan,Colorado Rockies,3.0,1,1,2,0,0,0,0.0,0.67
701121,Logan VanWey,Houston Astros,3.0,3,0,5,0,0,0,0.0,0.33
592826,Vince Velasquez,Chicago Cubs,2.33,1,0,1,0,0,0,0.0,0.43
621097,Jacob Waguespack,Detroit Tigers,1.0,1,0,1,1,0,0,0.0,2.0
687721,Cameron Weston,Baltimore Orioles,1.0,1,0,1,1,0,0,0.0,1.0
547973,Aroldis Chapman,Boston Red Sox,19.67,20,0,26,9,0,1,0.46,0.92
686973,Louis Varland,Toronto Blue Jays,36.67,33,0,48,10,0,2,0.49,0.95
666374,Matt Brash,Seattle Mariners,16.67,20,0,15,6,0,1,0.54,0.84
663158,Robert Suarez,Atlanta Braves,29.67,29,0,25,5,1,2,0.61,0.81
686613,Hunter Brown,Houston Astros,10.67,2,2,17,6,0,1,0.84,1.03
695001,Alimber Santa,Houston Astros,10.0,6,0,8,5,0,1,0.9,0.8
695243,Mason Miller,San Diego Padres,28.67,28,0,56,12,0,3,0.94,0.84
660271,Shohei Ohtani,Los Angeles Dodgers,67.67,11,11,73,21,3,8,1.06,0.84
669276,Dylan Lee,Atlanta Braves,31.0,32,0,39,5,1,4,1.16,0.61
628452,Raisel Iglesias,Atlanta Braves,22.33,21,0,26,4,1,3,1.21,0.94
689266,Dylan Dodd,Atlanta Braves,14.33,10,0,17,4,1,2,1.26,0.77
670329,Rico Garcia,Baltimore Orioles,28.67,31,0,31,9,3,4,1.26,0.7
696070,Kendry Rojas,Minnesota Twins,14.33,5,1,14,10,0,2,1.26,1.47
694819,Jacob Misiorowski,Milwaukee Brewers,87.0,14,14,131,22,4,13,1.34,0.74
702153,Brian Fitzpatrick,Milwaukee Brewers,6.67,5,0,5,3,0,1,1.35,1.5
702752,Jonathan Pintaro,New York Mets,6.67,3,0,5,1,1,1,1.35,0.3
592094,Jason Adam,San Diego Padres,24.0,27,0,17,8,3,4,1.5,1.21
605218,Carl Edwards Jr.,New York Mets,6.0,2,0,11,4,1,1,1.5,1.17
671936,Adam Macko,Toronto Blue Jays,12.0,12,1,12,2,1,2,1.5,1.08
682243,Bryce Miller,Seattle Mariners,35.0,6,5,36,5,4,6,1.54,0.71
650911,Cristopher Sánchez,Philadelphia Phillies,93.33,14,14,113,18,4,16,1.54,1.06
596001,Jakob Junis,Texas Rangers,28.67,24,1,20,5,0,5,1.57,0.73
660787,Yerry De los Santos,New York Yankees,5.33,2,0,6,3,1,1,1.69,1.31
694795,Josh Ekness,Miami Marlins,5.33,6,0,5,5,0,1,1.69,1.31
656641,Jacob Latz,Texas Rangers,32.0,25,1,33,7,2,6,1.69,0.63
681870,Erik Sabrowski,Cleveland Guardians,21.0,25,0,39,13,1,4,1.71,0.95
676962,Ben Brown,Chicago Cubs,57.0,18,6,58,16,1,11,1.74,0.88
656529,Sam Hentges,San Francisco Giants,10.33,13,0,11,13,0,2,1.74,1.84
680702,Joey Gerber,New York Mets,5.0,3,0,6,1,0,1,1.8,1.2
801434,Paul Gervase,Los Angeles Dodgers,5.0,2,0,5,2,0,1,1.8,1.4
670059,Colin Holderman,Cleveland Guardians,25.0,21,0,28,8,1,5,1.8,0.8
691799,Grant Taylor,Chicago White Sox,34.67,26,4,51,9,1,7,1.82,1.04
681217,Chase Silseth,Los Angeles Angels,24.67,30,0,26,15,2,5,1.82,1.38
673513,Yuki Matsui,San Diego Padres,19.67,13,0,21,9,3,4,1.83,0.97
681676,Ryan Fernandez,St. Louis Cardinals,9.67,7,0,17,5,1,2,1.86,1.34
663969,Tyler Phillips,Miami Marlins,48.33,19,3,41,24,2,10,1.86,1.3
687377,Orlando Ribalta,Washington Nationals,19.33,19,0,14,7,1,4,1.86,0.93
681799,Ethan Roberts,Chicago Cubs,19.33,15,0,14,8,1,4,1.86,1.14
681895,Evan Sisk,Pittsburgh Pirates,29.0,25,0,36,11,1,6,1.86,1.14
693645,Cam Schlittler,New York Yankees,82.0,14,14,89,14,4,17,1.87,0.87
687396,Brent Headrick,New York Yankees,32.67,34,0,36,14,2,7,1.93,1.35
663738,Daniel Lynch IV,Kansas City Royals,28.0,28,0,29,9,1,6,1.93,0.96
643511,Tyler Rogers,Toronto Blue Jays,32.0,33,0,19,10,0,7,1.97,1.0
641329,Bryan Baker,Tampa Bay Rays,27.33,29,0,30,11,1,6,1.98,0.99
661395,Jhoan Duran,Philadelphia Phillies,22.67,24,0,34,5,1,5,1.99,1.01
696147,Sam Bachman,Los Angeles Angels,31.67,25,0,34,15,2,7,1.99,1.07
663423,Trent Thornton,Chicago Cubs,18.0,13,0,8,7,3,4,2.0,1.0
640448,Kyle Finnegan,Detroit Tigers,31.33,30,0,20,21,2,7,2.01,1.47
699134,Bradgley Rodriguez,San Diego Padres,31.33,28,2,29,10,1,7,2.01,1.15
669084,DL Hall,Milwaukee Brewers,31.0,24,1,32,24,1,7,2.03,1.23
573009,Joe Mantiply,Toronto Blue Jays,17.67,17,0,16,4,1,4,2.04,1.13
642100,Gabe Speier,Seattle Mariners,17.67,21,0,17,6,1,4,2.04,1.19
623211,Huascar Brazobán,New York Mets,34.67,29,6,30,15,2,8,2.08,0.98
518585,Fernando Cruz,New York Yankees,30.33,33,0,39,16,2,7,2.08,1.19
548384,Brooks Raley,New York Mets,26.0,29,0,31,12,2,6,2.08,1.27
678606,José A. Ferrer,Seattle Mariners,30.0,33,0,26,7,2,7,2.1,1.33
689147,Orion Kerkering,Philadelphia Phillies,25.67,28,0,29,11,2,6,2.1,1.17
622608,Antonio Senzatela,Colorado Rockies,38.33,20,0,32,11,3,9,2.11,1.02
691951,Sam Aldegheri,Los Angeles Angels,17.0,5,2,12,8,1,4,2.12,1.29
664199,Taylor Clarke,Arizona Diamondbacks,29.67,31,0,16,7,1,7,2.12,0.84
700669,Gordon Graceffo,St. Louis Cardinals,33.67,29,0,17,13,3,8,2.14,0.92
695505,Chase Burns,Cincinnati Reds,75.67,13,13,88,23,9,18,2.14,0.99
702303,Riley Martin,Chicago Cubs,8.33,8,1,10,2,1,2,2.16,0.84
593974,Wandy Peralta,San Diego Padres,33.0,28,0,23,17,3,8,2.18,1.42
681293,Spencer Arrighetti,Houston Astros,57.0,10,10,53,31,3,14,2.21,1.19
667463,John King,Miami Marlins,28.33,30,1,22,8,3,7,2.22,0.67
554430,Zack Wheeler,Philadelphia Phillies,56.67,9,9,53,12,7,14,2.22,0.85
671109,Jake Eder,Los Angeles Dodgers,4.0,4,0,1,1,0,1,2.25,1.0
657571,Caleb Ferguson,Cincinnati Reds,8.0,7,0,8,2,0,2,2.25,1.0
642759,Julian Fernández,Washington Nationals,4.0,3,0,3,2,1,1,2.25,1.25
663542,Bryan Hudson,Chicago White Sox,32.0,33,3,28,14,0,8,2.25,1.28
694361,Will Klein,Los Angeles Dodgers,28.0,23,1,32,10,1,7,2.25,1.29
669020,Ryan Rolison,Chicago Cubs,24.0,20,0,24,12,3,6,2.25,1.25
663554,Casey Mize,Detroit Tigers,47.67,9,9,49,12,2,12,2.27,0.97
666974,Yennier Cano,Baltimore Orioles,23.67,31,0,21,4,1,6,2.28,0.76
657044,Ryan Thompson,Arizona Diamondbacks,23.67,28,0,15,8,2,6,2.28,1.14
656794,Sean Newcomb,Chicago White Sox,39.33,26,0,36,10,1,10,2.29,1.02
519242,Chris Sale,Atlanta Braves,78.33,13,13,92,20,6,20,2.3,1.05
695418,Brad Lord,Washington Nationals,43.0,20,0,35,12,4,11,2.3,1.05
800311,Didier Fuentes,Atlanta Braves,27.0,19,1,30,9,1,7,2.33,1.07
660825,Eduard Bazardo,Seattle Mariners,30.67,32,0,26,11,2,8,2.35,1.37
694363,Jared Shuster,St. Louis Cardinals,7.67,4,0,2,3,0,2,2.35,1.17
615698,Cal Quantrill,Texas Rangers,26.67,13,0,18,9,2,7,2.36,1.09
666711,Joel Peguero,San Francisco Giants,11.33,11,0,5,4,0,3,2.38,1.24
605280,Clay Holmes,New York Mets,52.67,9,9,45,18,3,14,2.39,1.1
596133,Luke Weaver,New York Mets,30.0,28,0,27,8,2,8,2.4,0.93
663436,Davis Martin,Chicago White Sox,78.33,13,13,79,17,3,21,2.41,1.1
666661,Juan Morillo,Arizona Diamondbacks,26.0,29,0,34,11,1,7,2.42,1.08
687330,Kevin Kelly,Tampa Bay Rays,29.67,29,0,22,6,2,8,2.43,0.84
607259,Nick Martinez,Tampa Bay Rays,77.67,13,13,44,13,6,21,2.43,1.16
700712,Walbert Ureña,Los Angeles Angels,55.33,12,10,55,33,4,15,2.44,1.36
543037,Gerrit Cole,New York Yankees,22.0,4,4,18,6,3,6,2.45,1.05
689149,Chad Dallas,Toronto Blue Jays,3.67,1,0,2,2,0,1,2.45,1.09
621107,Zach Eflin,Baltimore Orioles,3.67,1,1,7,2,1,1,2.45,1.64
690990,Cade Horton,Chicago Cubs,7.33,2,2,4,2,1,2,2.45,0.82
687911,Bryan King,Houston Astros,29.33,27,0,23,12,1,8,2.45,1.33
656945,Tanner Scott,Los Angeles Dodgers,29.0,31,0,35,3,4,8,2.48,0.76
664854,Ryan Helsley,Baltimore Orioles,10.67,12,0,15,7,0,3,2.53,1.31
593958,Eduardo Rodriguez,Arizona Diamondbacks,81.33,14,14,60,32,8,23,2.55,1.23
671922,Cade Smith,Cleveland Guardians,31.33,30,0,47,5,1,9,2.59,1.02
657424,Matt Gage,San Francisco Giants,24.0,29,0,19,13,3,7,2.63,1.29
696131,Mason Black,Kansas City Royals,13.67,10,0,15,8,2,4,2.63,1.68
701719,Tyler Samaniego,Boston Red Sox,20.33,20,1,17,8,1,6,2.66,1.48
693821,Bryce Elder,Atlanta Braves,84.67,14,14,71,25,7,25,2.66,1.05
670167,John Schreiber,Kansas City Royals,27.0,30,0,18,11,4,8,2.67,1.19
663687,Hogan Harris,Athletics,33.67,36,0,39,23,2,10,2.67,1.49
808967,Yoshinobu Yamamoto,Los Angeles Dodgers,77.33,12,12,73,15,9,23,2.68,0.92
800048,Parker Messick,Cleveland Guardians,80.67,14,14,82,25,8,24,2.68,1.09
670183,Garrett Acton,Minnesota Twins,6.67,4,0,9,3,0,2,2.7,1.05
680755,Braydon Fisher,Toronto Blue Jays,36.67,35,4,39,15,3,11,2.7,1.09
656464,Kevin Ginkel,Arizona Diamondbacks,26.67,29,0,30,7,2,8,2.7,1.09
669373,Tarik Skubal,Detroit Tigers,43.33,7,7,45,6,2,13,2.7,0.95
801139,Payton Tolle,Boston Red Sox,53.33,9,9,54,14,3,16,2.7,1.05
681810,Austin Warren,New York Mets,23.33,17,2,24,11,2,7,2.7,1.24
656876,Drew Rasmussen,Tampa Bay Rays,73.0,13,13,77,13,8,22,2.71,0.88
690986,Kyle Harrison,Milwaukee Brewers,59.67,12,12,77,18,7,18,2.72,1.16
607192,Tyler Glasnow,Los Angeles Dodgers,39.67,7,7,49,13,5,12,2.72,0.83
694477,Chad Patrick,Milwaukee Brewers,52.67,18,6,41,21,4,16,2.73,1.23
676106,Emerson Hancock,Seattle Mariners,75.67,13,13,73,17,10,23,2.74,0.95
701656,Logan Henderson,Milwaukee Brewers,23.0,5,5,30,6,2,7,2.74,1.04
681982,Grant Anderson,Milwaukee Brewers,29.33,27,0,23,10,3,9,2.76,0.99
657097,Jacob Webb,Chicago Cubs,29.33,29,0,35,10,4,9,2.76,1.33
595345,Steven Okert,Houston Astros,32.33,32,1,26,10,3,10,2.78,0.96
675512,Troy Melton,Detroit Tigers,25.67,4,4,14,6,5,8,2.81,1.01
681911,Alex Vesia,Los Angeles Dodgers,22.33,30,0,31,12,0,7,2.82,1.03
666277,George Soriano,St. Louis Cardinals,28.67,30,0,24,10,4,9,2.83,1.08
676428,Brant Hurter,Detroit Tigers,25.33,21,0,18,12,1,8,2.84,1.07
694973,Paul Skenes,Pittsburgh Pirates,76.0,14,14,89,15,6,24,2.84,0.93
676974,Max Meyer,Miami Marlins,79.0,14,14,86,29,7,25,2.85,1.09
676879,Aaron Ashby,Milwaukee Brewers,41.0,30,1,56,20,3,13,2.85,1.39
669622,Anthony Bender,Miami Marlins,28.33,29,0,34,10,1,9,2.86,0.88
622088,Tejay Antone,Cincinnati Reds,15.67,15,0,14,4,1,5,2.87,1.02
694037,Daniel Palencia,Chicago Cubs,15.67,18,0,16,5,2,5,2.87,1.4
594580,Sam Moll,Cincinnati Reds,28.0,32,0,31,14,3,9,2.89,1.21
656302,Dylan Cease,Toronto Blue Jays,68.0,12,12,103,27,5,22,2.91,1.16
676263,Jack Dreyer,Los Angeles Dodgers,27.67,26,0,30,6,4,9,2.93,0.94
680736,Justin Wrobleski,Los Angeles Dodgers,73.33,12,11,45,16,6,24,2.95,1.05
815083,Mitch Farris,Los Angeles Angels,27.33,12,0,27,13,5,9,2.96,1.5
663992,Richard Lovelady,Washington Nationals,27.33,27,5,24,19,3,9,2.96,1.72
667755,José Soriano,Los Angeles Angels,82.0,14,14,87,40,9,27,2.96,1.24
621112,Paul Blackburn,New York Yankees,30.33,20,1,21,11,2,10,2.97,1.35
669199,Lake Bachar,Miami Marlins,36.33,21,2,41,12,5,12,2.97,0.91
700241,Michael McGreevy,St. Louis Cardinals,72.33,13,13,49,17,10,24,2.99,1.08
664141,JT Brubaker,San Francisco Giants,36.0,24,0,26,17,2,12,3.0,1.28
656271,Brock Burke,Cincinnati Reds,33.0,34,0,30,22,3,11,3.0,1.42
471911,Carlos Carrasco,Atlanta Braves,9.0,5,0,4,1,1,3,3.0,1.22
682120,Tim Herrin,Cleveland Guardians,24.0,30,0,21,15,2,8,3.0,1.38
663558,Jovani Morán,Boston Red Sox,33.0,21,3,38,15,5,11,3.0,1.06
660604,Alan Rangel,Philadelphia Phillies,3.0,1,0,5,0,0,1,3.0,1.0
694918,Blade Tidwell,San Francisco Giants,12.0,8,0,10,3,1,4,3.0,1.08
684974,Craig Yoho,Milwaukee Brewers,3.0,2,0,5,2,1,1,3.0,1.0
527048,Martín Pérez,Atlanta Braves,56.67,13,9,47,20,6,19,3.02,1.06
543243,Sonny Gray,Boston Red Sox,62.33,12,12,51,16,6,21,3.03,1.2
665622,Luis Medina,Athletics,29.67,22,1,32,12,3,10,3.03,1.31
687064,Brandon Young,Baltimore Orioles,56.33,10,10,42,19,6,19,3.04,1.24
676477,Garrett Whitlock,Boston Red Sox,20.67,21,0,26,6,2,7,3.05,1.11
805299,Brandyn Garcia,Arizona Diamondbacks,14.67,17,0,13,4,0,5,3.07,0.95
668984,Casey Legumina,Tampa Bay Rays,29.33,22,0,22,6,2,10,3.07,1.26
695611,Gage Jump,Athletics,23.33,4,4,19,6,0,8,3.09,1.11
681035,Christian Scott,New York Mets,40.67,9,9,47,19,4,14,3.1,1.35
675660,Shane Drohan,Milwaukee Brewers,37.67,13,3,37,11,2,13,3.11,1.12
642528,Jonathan Loáisiga,Arizona Diamondbacks,26.0,29,0,17,7,1,9,3.12,1.19
663878,Nate Pearson,Houston Astros,8.67,7,0,8,4,1,3,3.12,1.15
663568,Stephen Kolek,Kansas City Royals,43.0,7,7,30,9,5,15,3.14,1.07
680744,Ty Madden,Detroit Tigers,20.0,7,1,23,5,2,7,3.15,1.05
669372,J.T. Ginn,Athletics,71.33,15,12,65,30,8,25,3.15,1.15
657746,Joe Ryan,Minnesota Twins,82.33,15,15,92,16,8,29,3.17,1.0
691945,Carter Baumler,Texas Rangers,5.67,4,0,6,6,1,2,3.18,1.76
641755,Tyler Kinley,Atlanta Braves,28.33,31,0,31,10,5,10,3.18,1.2
572143,Burch Smith,Detroit Tigers,17.0,13,1,20,7,2,6,3.18,1.47
594798,Jacob deGrom,Texas Rangers,70.67,13,13,84,15,13,25,3.18,0.99
624133,Ranger Suarez,Boston Red Sox,65.0,12,12,63,19,4,23,3.18,1.14
607074,Carlos Rodón,New York Yankees,31.0,6,6,34,19,2,11,3.19,1.19
623149,Paul Sewald,Arizona Diamondbacks,25.33,28,0,28,6,4,9,3.2,0.71
608331,Max Fried,New York Yankees,61.67,10,10,50,19,1,22,3.21,1.01
641302,Tyler Alexander,Texas Rangers,28.0,29,1,22,8,2,10,3.21,1.39
676775,Keaton Winn,San Francisco Giants,30.67,29,0,26,9,2,11,3.23,0.98
663556,Shane McClanahan,Tampa Bay Rays,64.0,13,13,66,22,3,23,3.23,1.17
572955,Pierce Johnson,Cincinnati Reds,22.0,24,0,20,8,3,8,3.27,1.23
676571,PJ Poulin,Washington Nationals,24.67,25,7,17,16,4,9,3.28,1.46
647336,Michael Soroka,Arizona Diamondbacks,74.0,13,13,72,17,6,27,3.28,1.15
669724,Brenan Hanifee,Detroit Tigers,13.67,14,2,6,4,2,5,3.29,1.39
656848,Michael Petersen,Miami Marlins,27.33,26,0,31,13,1,10,3.29,1.13
677952,Braxton Ashcraft,Pittsburgh Pirates,84.67,14,14,90,19,8,31,3.3,1.1
813349,Connelly Early,Boston Red Sox,71.0,13,13,69,27,12,26,3.3,1.23
641835,Tim Mayza,Philadelphia Phillies,30.0,26,1,29,7,4,11,3.3,1.0
677161,Zack Kelly,Boston Red Sox,16.33,17,0,14,7,1,6,3.31,1.29
542888,Shawn Armstrong,Cleveland Guardians,19.0,21,0,20,10,2,7,3.32,1.21
663767,Chase Shugart,Philadelphia Phillies,21.67,18,0,24,8,3,8,3.32,1.11
668909,Gavin Williams,Cleveland Guardians,86.67,14,14,99,28,13,32,3.32,1.1
668933,Graham Ashcraft,Cincinnati Reds,27.0,26,0,32,16,2,10,3.33,1.22
668873,Caleb Kilian,San Francisco Giants,29.67,28,0,32,15,5,11,3.34,1.18
680916,Franco Aleman,Cleveland Guardians,2.67,2,0,1,1,1,1,3.38,1.5
681252,Jack Anderson,Boston Red Sox,8.0,3,0,6,2,1,3,3.38,1.25
676395,Robert Garcia,Texas Rangers,8.0,9,0,6,7,0,3,3.38,1.5
682608,Peyton Gray,Texas Rangers,21.33,15,0,21,7,2,8,3.38,1.22
641745,Brad Keller,Philadelphia Phillies,29.33,30,0,30,10,4,11,3.38,1.23
642397,Gregory Soto,Pittsburgh Pirates,29.33,30,0,34,12,2,11,3.38,0.92
686993,Justin Sterner,Athletics,32.0,33,0,30,7,5,12,3.38,1.03
700413,Tyler Uberstine,Boston Red Sox,2.67,1,0,2,1,1,1,3.38,1.5
693686,Spencer Miles,Toronto Blue Jays,42.33,18,2,41,13,4,16,3.4,1.06
701542,Will Warren,New York Yankees,68.67,13,13,75,21,7,26,3.41,1.21
683618,Edgardo Henriquez,Los Angeles Dodgers,26.33,25,0,28,9,1,10,3.42,1.06
681892,Kody Funderburk,Minnesota Twins,18.33,21,0,10,16,1,7,3.44,1.47
678020,Seth Halvorsen,Colorado Rockies,15.67,16,0,15,12,2,6,3.45,1.66
650633,Michael King,San Diego Padres,80.67,14,14,72,32,10,31,3.46,1.15
656492,Foster Griffin,Washington Nationals,78.0,14,14,74,21,15,30,3.46,1.09
642232,Ryan Yarbrough,New York Yankees,23.33,14,0,18,10,1,9,3.47,1.11
663567,Peter Lambert,Houston Astros,57.0,10,10,53,25,5,22,3.47,1.21
669093,Jeremiah Estrada,San Diego Padres,20.67,21,0,23,10,2,8,3.48,1.11
668941,JoJo Romero,St. Louis Cardinals,31.0,31,0,31,11,4,12,3.48,1.19
681867,Cooper Criswell,Seattle Mariners,30.67,26,0,23,8,3,12,3.52,1.17
667297,Tommy Nance,Toronto Blue Jays,23.0,22,0,26,8,1,9,3.52,1.17
669330,Tyler Wells,Baltimore Orioles,33.0,25,0,32,8,4,13,3.55,1.09
677958,Kumar Rocker,Texas Rangers,65.67,13,12,52,28,6,26,3.56,1.34
676534,Calvin Faucher,Miami Marlins,27.67,28,0,32,22,0,11,3.58,1.63
608379,Michael Wacha,Kansas City Royals,88.0,14,14,69,27,10,35,3.58,1.16
622554,Seranthony Domínguez,Chicago White Sox,25.0,27,0,29,13,5,10,3.6,1.12
592332,Kevin Gausman,Toronto Blue Jays,80.0,14,14,79,14,9,32,3.6,1.09
666619,Gregory Santos,San Francisco Giants,5.0,3,0,1,3,0,2,3.6,1.6
804636,Jonah Tong,New York Mets,10.0,3,0,7,7,1,4,3.6,1.5
605540,Brandon Woodruff,Milwaukee Brewers,30.0,6,6,25,7,4,12,3.6,1.03
672456,Keider Montero,Detroit Tigers,72.33,13,13,48,17,8,29,3.61,1.01
669302,Logan Gilbert,Seattle Mariners,79.67,14,14,82,19,13,32,3.62,1.08
690928,Hunter Dobbins,St. Louis Cardinals,17.33,4,2,19,7,3,7,3.63,1.38
681190,Randy Vásquez,San Diego Padres,69.33,13,13,53,20,10,28,3.63,1.3
676617,Riley O'Brien,St. Louis Cardinals,29.33,29,0,31,7,1,12,3.68,1.16
647315,Zach Pop,Philadelphia Phillies,7.33,7,1,6,3,0,3,3.68,1.09
674841,Andrew Alvarez,Washington Nationals,24.33,7,2,26,11,2,10,3.7,1.44
686560,Gavin Collyer,Texas Rangers,17.0,18,0,15,14,1,7,3.71,1.41
678906,Kai-Wei Teng,Houston Astros,51.0,20,7,49,24,6,21,3.71,1.27
690925,Clayton Beeter,Washington Nationals,19.33,18,0,19,13,2,8,3.72,1.29
702056,Trey Yesavage,Toronto Blue Jays,47.67,9,9,47,25,3,20,3.78,1.26
682842,Abner Uribe,Milwaukee Brewers,23.67,25,0,25,10,2,10,3.8,1.23
656222,Jalen Beeks,Texas Rangers,26.0,29,0,21,8,6,11,3.81,1.38
702275,JR Ritchie,Atlanta Braves,30.67,6,5,26,18,4,13,3.82,1.34
669947,Jesse Scholtens,Tampa Bay Rays,37.67,9,2,30,11,8,16,3.82,1.27
702070,Noah Cameron,Kansas City Royals,65.67,12,12,63,17,6,28,3.84,1.19
683409,Angel Chivilli,New York Yankees,2.33,2,0,3,3,1,1,3.86,2.14
676510,Nolan Hoffman,Philadelphia Phillies,4.67,3,0,2,3,0,2,3.86,1.93
607625,Seth Lugo,Kansas City Royals,79.33,14,14,66,25,7,34,3.86,1.35
571948,Hoby Milner,Chicago Cubs,30.33,32,0,15,7,3,13,3.86,1.15
664074,Cody Ponce,Toronto Blue Jays,2.33,1,1,3,1,0,1,3.86,0.86
692230,Carlos Rodriguez,Milwaukee Brewers,9.33,4,0,8,4,1,4,3.86,1.5
680723,Drew Rom,Milwaukee Brewers,2.33,2,0,4,0,1,1,3.86,1.71
573204,Caleb Thielbar,Chicago Cubs,16.33,19,0,19,8,4,7,3.86,1.29
595014,Blake Treinen,Los Angeles Dodgers,21.0,27,0,22,10,2,9,3.86,1.43
669711,Greg Weissert,Boston Red Sox,25.67,28,0,27,9,5,11,3.86,1.36
680732,Sean Burke,Chicago White Sox,69.67,13,10,67,23,7,30,3.88,1.18
676917,Cade Cavalli,Washington Nationals,69.67,14,14,76,25,5,30,3.88,1.44
669467,Andre Pallante,St. Louis Cardinals,69.67,13,13,56,25,9,30,3.88,1.26
657277,Logan Webb,San Francisco Giants,67.33,11,11,58,19,4,29,3.88,1.19
801403,Chase Dollander,Colorado Rockies,44.0,10,3,47,18,6,19,3.89,1.3
670280,David Bednar,New York Yankees,27.67,27,0,33,12,2,12,3.9,1.41
689254,Mason Fluharty,Toronto Blue Jays,27.67,37,3,37,10,3,12,3.9,1.34
670950,Trevor Richards,Chicago White Sox,23.0,15,0,18,5,4,10,3.91,0.91
623454,Drew Anderson,Detroit Tigers,43.67,25,1,53,17,6,19,3.92,1.28
680742,Jonathan Bowlan,Philadelphia Phillies,20.67,20,0,21,4,1,9,3.92,1.11
680604,Blas Castaño,Colorado Rockies,18.33,8,0,16,6,3,8,3.93,1.42
608650,Dietrich Enns,Baltimore Orioles,16.0,13,0,13,11,0,7,3.94,1.5
660853,Enyel De Los Santos,Houston Astros,29.67,28,0,29,7,2,13,3.94,1.08
669438,Mason Englert,Tampa Bay Rays,25.0,12,1,19,6,4,11,3.96,1.44
676440,Tanner Bibee,Cleveland Guardians,84.0,15,15,71,26,15,37,3.96,1.18
690953,Mick Abel,Minnesota Twins,20.33,4,3,23,10,0,9,3.98,1.57
665871,Javier Assad,Chicago Cubs,38.33,10,4,24,9,4,17,3.99,1.02
672282,Reid Detmers,Los Angeles Angels,81.0,14,14,97,24,7,36,4.0,1.05
690997,Nolan McLean,New York Mets,76.33,14,14,88,31,8,34,4.01,1.14
671737,Taj Bradley,Minnesota Twins,65.0,12,12,73,29,9,29,4.02,1.38
669387,Carmen Mlodzinski,Pittsburgh Pirates,62.67,13,9,52,23,5,28,4.02,1.4
805123,AJ Blubaugh,Houston Astros,44.67,28,0,39,25,5,20,4.03,1.28
676760,Ron Marinaccio,San Diego Padres,35.67,23,0,31,10,5,16,4.04,1.23
642547,Freddy Peralta,New York Mets,78.0,14,14,79,32,10,35,4.04,1.32
684049,Brandan Bidois,Pittsburgh Pirates,13.33,12,0,16,11,4,6,4.05,1.65
656550,Grant Holmes,Atlanta Braves,66.67,13,13,59,29,13,30,4.05,1.34
668964,Tobias Myers,New York Mets,33.33,20,2,26,7,6,15,4.05,1.08
544150,Albert Suárez,Baltimore Orioles,26.67,11,0,18,12,3,12,4.05,1.43
669358,Shane Baz,Baltimore Orioles,82.0,14,14,67,32,8,37,4.06,1.39
625643,Reynaldo López,Atlanta Braves,37.67,15,5,34,18,6,17,4.06,1.46
656638,Alex Lange,Kansas City Royals,31.0,29,0,34,18,2,14,4.06,1.45
669923,George Kirby,Seattle Mariners,84.0,14,14,74,21,8,38,4.07,1.31
683769,Hunter Gaddis,Cleveland Guardians,17.67,21,0,14,6,2,8,4.08,1.53
608372,Tomoyuki Sugano,Colorado Rockies,68.33,13,13,39,20,12,31,4.08,1.29
665152,Dean Kremer,Baltimore Orioles,11.0,2,2,16,2,4,5,4.09,0.91
671096,Andrew Abbott,Cincinnati Reds,74.67,14,14,53,33,10,34,4.1,1.41
657612,Tim Hill,New York Yankees,26.33,32,0,13,6,3,12,4.1,1.22
663460,Kris Bubic,Kansas City Royals,50.33,9,9,51,26,4,23,4.11,1.23
676755,Isaac Mattson,Pittsburgh Pirates,19.67,21,0,15,10,0,9,4.12,1.47
672782,Yoendrys Gómez,Minnesota Twins,32.67,27,0,32,17,5,15,4.13,1.44
663947,Tyler Holton,Detroit Tigers,30.33,30,2,27,8,4,14,4.15,1.45
643377,Griffin Jax,Tampa Bay Rays,39.0,19,8,36,18,7,18,4.15,1.41
804619,John Klein,Minnesota Twins,4.33,3,0,2,4,1,2,4.15,1.62
686790,Trevor McDonald,San Francisco Giants,39.0,7,7,37,12,3,18,4.15,1.18
695684,Elmer Rodríguez,New York Yankees,13.0,3,3,6,9,0,6,4.15,1.85
664954,Brett Sullivan,Colorado Rockies,4.33,4,0,1,1,1,2,4.15,1.62
622663,Luis Severino,Athletics,62.67,12,12,65,31,9,29,4.16,1.47
657514,Brennan Bernardino,Colorado Rockies,28.0,33,2,22,8,2,13,4.18,1.29
669022,MacKenzie Gore,Texas Rangers,71.0,14,14,76,33,6,33,4.18,1.35
670970,Adrian Morejon,San Diego Padres,34.33,31,0,41,7,2,16,4.19,1.08
650644,Aaron Civale,Athletics,55.67,11,11,39,17,12,26,4.2,1.47
669160,Dustin May,St. Louis Cardinals,72.67,13,13,66,20,5,34,4.21,1.25
699823,Tyler Davis,Chicago White Sox,21.33,19,0,18,10,1,10,4.22,1.08
669165,Kyle Hurt,Los Angeles Dodgers,21.33,22,0,27,9,2,10,4.22,1.22
694346,Trey Gibson,Baltimore Orioles,17.0,4,3,5,8,2,8,4.24,1.53
694738,Landen Roupp,San Francisco Giants,74.33,14,14,82,32,4,35,4.24,1.29
605130,Scott Barlow,Athletics,29.67,31,0,25,16,5,14,4.25,1.18
645261,Sandy Alcantara,Miami Marlins,97.33,15,15,71,23,12,46,4.25,1.22
543135,Nathan Eovaldi,Texas Rangers,80.33,13,13,77,20,15,38,4.26,1.18
657756,Connor Seabold,Toronto Blue Jays,19.0,16,0,15,7,2,9,4.26,1.58
664991,Grant Wolfram,Baltimore Orioles,19.0,24,0,24,2,0,9,4.26,1.47
693433,Bryan Woo,Seattle Mariners,82.0,14,14,79,15,9,39,4.28,1.04
680694,Kyle Bradish,Baltimore Orioles,73.33,14,14,73,39,11,35,4.3,1.57
685126,Brandon Eisert,Chicago White Sox,14.67,14,3,16,6,2,7,4.3,1.43
670036,Matt Festa,Cleveland Guardians,29.33,30,0,32,9,5,14,4.3,1.19
594027,Tyron Guerrero,Boston Red Sox,8.33,9,0,12,1,1,4,4.32,1.08
621111,Walker Buehler,San Diego Padres,62.33,13,13,53,22,4,30,4.33,1.35
641743,Anthony Kay,Chicago White Sox,66.33,14,12,53,27,10,32,4.34,1.42
666200,Jesús Luzardo,Philadelphia Phillies,78.67,14,14,88,25,8,38,4.35,1.33
702021,Will Dion,Cleveland Guardians,10.33,5,0,12,3,2,5,4.35,1.65
608337,Lucas Giolito,San Diego Padres,20.67,5,5,14,18,3,10,4.35,1.74
694680,Trevor Martin,Tampa Bay Rays,10.33,5,0,6,4,4,5,4.35,1.65
702474,Mike Paredes,Minnesota Twins,10.33,3,1,8,6,1,5,4.35,1.06
677960,Ryan Weathers,New York Yankees,74.33,13,13,81,21,15,36,4.36,1.17
664285,Framber Valdez,Detroit Tigers,77.67,14,14,61,29,9,38,4.4,1.34
688158,David Morgan,San Diego Padres,18.33,14,0,23,12,2,9,4.42,1.8
592662,Robbie Ray,San Francisco Giants,73.33,14,14,66,36,14,36,4.42,1.39
670990,Yohan Ramírez,Pittsburgh Pirates,38.67,29,0,42,20,4,19,4.42,1.29
684007,Shota Imanaga,Chicago Cubs,81.0,14,14,81,21,17,40,4.44,1.06
669270,Joel Kuhnel,Milwaukee Brewers,28.33,27,0,19,7,4,14,4.45,1.27
669461,Matthew Liberatore,St. Louis Cardinals,66.33,13,13,61,26,11,33,4.48,1.51
665645,Kervin Castro,New York Yankees,2.0,1,0,2,0,0,1,4.5,1.0
690978,Dax Fulton,Miami Marlins,4.0,1,0,3,2,0,2,4.5,1.25
656730,Trevor Megill,Milwaukee Brewers,24.0,25,0,31,7,0,12,4.5,1.13
680951,Doug Nikhazy,Chicago White Sox,2.0,1,0,1,2,0,1,4.5,1.5
601713,Nick Pivetta,San Diego Padres,16.0,4,4,24,6,0,8,4.5,1.13
665665,Reiver Sanmartin,San Francisco Giants,2.0,1,0,2,0,1,1,4.5,1.0
642048,Tayler Saucedo,Los Angeles Angels,2.0,4,0,3,0,0,1,4.5,1.0
608371,Lucas Sims,Chicago White Sox,10.0,9,0,10,7,1,5,4.5,1.6
677020,Josh Walker,Baltimore Orioles,4.0,3,0,5,2,1,2,4.5,1.25
810938,Ben Williamson,Tampa Bay Rays,2.0,2,0,0,1,1,1,4.5,1.0
608718,Brent Suter,Los Angeles Angels,37.67,25,2,33,13,4,19,4.54,1.27
607455,Anthony Banda,Minnesota Twins,29.67,33,0,27,13,2,15,4.55,1.25
677865,Justin Bruihl,St. Louis Cardinals,29.67,31,0,21,13,2,15,4.55,1.45
571578,Patrick Corbin,Toronto Blue Jays,57.33,12,12,40,20,7,29,4.55,1.45
682254,Mason Montgomery,Pittsburgh Pirates,25.67,26,4,34,14,3,13,4.56,1.4
676282,Joey Cantillo,Cleveland Guardians,67.0,14,14,63,36,11,34,4.57,1.51
669062,Erik Miller,San Francisco Giants,19.67,24,0,27,17,2,10,4.58,1.73
641927,Bailey Ober,Minnesota Twins,66.67,12,12,46,18,12,34,4.59,1.22
691587,Eury Pérez,Miami Marlins,62.67,12,12,72,28,11,32,4.6,1.26
663485,Cole Sands,Minnesota Twins,11.67,12,0,11,4,2,6,4.63,1.37
681517,Kyle Leahy,St. Louis Cardinals,64.0,13,13,52,25,9,33,4.64,1.59
621381,Matt Strahm,Kansas City Royals,21.33,22,0,18,7,7,11,4.64,1.22
679775,Kyle Backhus,Philadelphia Phillies,9.67,10,1,10,1,2,5,4.66,1.24
605488,Jeffrey Springs,Athletics,75.0,14,14,63,23,16,39,4.68,1.29
607200,Erick Fedde,Chicago White Sox,63.33,13,8,40,24,14,33,4.69,1.39
664076,Garrett Cleavinger,Tampa Bay Rays,15.33,17,0,21,9,2,8,4.7,1.43
682445,Domingo Gonzalez,Seattle Mariners,7.67,5,0,5,5,1,4,4.7,1.83
686218,Emmet Sheehan,Los Angeles Dodgers,59.33,12,12,64,16,11,31,4.7,1.21
683003,Jared Jones,Pittsburgh Pirates,13.33,3,3,14,5,2,7,4.73,1.43
808963,Roki Sasaki,Los Angeles Dodgers,62.33,12,12,64,24,11,33,4.76,1.33
489446,Kirby Yates,Los Angeles Angels,11.33,13,0,15,5,2,6,4.76,1.24
646241,Enmanuel De Jesus,Detroit Tigers,26.33,18,0,25,12,1,14,4.78,1.41
445276,Kenley Jansen,Detroit Tigers,15.0,18,0,19,9,4,8,4.8,1.2
676083,Janson Junk,Miami Marlins,60.0,11,11,43,13,8,32,4.8,1.3
642701,Dennis Santana,Pittsburgh Pirates,28.0,30,0,22,16,3,15,4.82,1.54
677944,Slade Cecconi,Cleveland Guardians,72.67,14,14,61,23,10,39,4.83,1.44
666142,Cole Ragans,Kansas City Royals,35.33,8,8,45,23,10,19,4.84,1.42
665795,Edward Cabrera,Chicago Cubs,63.0,12,12,58,23,13,34,4.86,1.41
693855,Ian Seymour,Tampa Bay Rays,35.0,27,2,38,16,5,19,4.89,1.26
696149,Bubba Chandler,Pittsburgh Pirates,62.33,13,12,62,40,8,34,4.91,1.44
686753,Drey Jameson,Arizona Diamondbacks,3.67,2,0,2,3,0,2,4.91,1.36
664875,Justin Lawrence,Minnesota Twins,25.67,27,0,31,17,4,14,4.91,1.6
669298,TJ Shook,Colorado Rockies,3.67,3,0,3,0,2,2,4.91,1.09
621366,Ryan Borucki,San Francisco Giants,23.67,21,0,15,9,3,13,4.94,1.52
656234,Jake Bird,New York Yankees,20.0,25,0,23,7,2,11,4.95,1.45
683004,Jack Leiter,Texas Rangers,76.0,14,14,79,33,12,42,4.97,1.41
695076,Rhett Lowder,Cincinnati Reds,41.33,9,9,31,23,2,23,5.01,1.45
677955,Jaden Hill,Colorado Rockies,23.33,27,0,25,14,2,13,5.01,1.63
642207,Devin Williams,New York Mets,23.33,26,0,37,14,2,13,5.01,1.5
640455,Sean Manaea,New York Mets,43.0,14,0,45,17,5,24,5.02,1.44
623474,Jimmy Herget,Colorado Rockies,16.0,15,3,17,4,2,9,5.06,1.38
679358,Eric Orze,Minnesota Twins,32.0,28,0,29,16,0,18,5.06,1.5
519141,Drew Pomeranz,Los Angeles Angels,21.33,24,0,16,12,4,12,5.06,1.64
666171,Ryan Zeferjahn,Los Angeles Angels,32.0,27,0,41,25,3,18,5.06,1.41
702193,Andrew Morris,Minnesota Twins,30.0,21,2,31,11,2,17,5.1,1.63
683232,Nick Mears,Kansas City Royals,19.33,21,0,15,11,2,11,5.12,1.5
700249,Cade Povich,Baltimore Orioles,19.33,4,3,12,7,4,11,5.12,1.34
670245,Ryan Watson,Boston Red Sox,38.67,23,0,31,16,6,22,5.12,1.45
689296,Anthony Nunez,Baltimore Orioles,33.33,31,0,38,13,5,19,5.13,1.26
656605,Mitch Keller,Pittsburgh Pirates,77.0,14,14,58,27,6,44,5.14,1.31
690155,Matt Pushard,St. Louis Cardinals,7.0,6,0,6,4,0,4,5.14,1.43
668390,Cole Winn,Texas Rangers,21.0,24,0,23,8,3,12,5.14,1.43
687570,Connor Prielipp,Minnesota Twins,43.67,9,9,49,18,4,25,5.15,1.33
677053,Andrew Nardi,Miami Marlins,22.67,25,0,27,11,4,13,5.16,1.41
672335,Cionel Pérez,New York Mets,22.67,21,0,16,11,4,13,5.16,1.41
622491,Luis Castillo,Seattle Mariners,61.0,13,11,61,23,8,35,5.16,1.36
671212,Joe Boyle,Tampa Bay Rays,15.67,3,3,16,6,1,9,5.17,1.09
662253,Andrés Muñoz,Seattle Mariners,24.33,26,0,37,10,4,14,5.18,1.36
592791,Jameson Taillon,Chicago Cubs,67.67,13,13,59,23,20,39,5.19,1.3
669194,Ryne Nelson,Arizona Diamondbacks,76.33,14,14,57,22,17,44,5.19,1.23
669212,Eli Morgan,Kansas City Royals,17.33,14,0,15,8,4,10,5.19,1.79
607067,Colin Rea,Chicago Cubs,69.33,14,11,54,25,11,40,5.19,1.43
685005,Christian Roa,Houston Astros,8.67,7,0,6,7,1,5,5.19,1.96
663372,Ryan Feltner,Colorado Rockies,36.33,8,8,26,13,6,21,5.2,1.21
805673,Zebby Matthews,Minnesota Twins,36.33,6,6,30,9,8,21,5.2,1.18
643410,Mark Leiter Jr.,Athletics,27.67,30,0,30,10,2,16,5.2,1.41
666157,Nick Lodolo,Cincinnati Reds,38.0,7,7,30,15,8,22,5.21,1.45
663623,Jake Irvin,Washington Nationals,51.67,11,11,58,22,7,30,5.23,1.35
688883,Peyton Pallette,Cleveland Guardians,20.67,16,0,22,16,2,12,5.23,1.6
621237,José Alvarado,Philadelphia Phillies,24.0,30,0,32,9,2,14,5.25,1.63
666808,Camilo Doval,New York Yankees,25.67,30,0,23,5,4,15,5.26,1.21
642121,Cole Sulser,Tampa Bay Rays,25.67,23,1,23,11,3,15,5.26,1.6
681402,Gus Varland,Washington Nationals,25.67,28,0,24,13,2,15,5.26,1.68
500779,Jose Quintana,Colorado Rockies,41.0,9,9,20,17,6,24,5.27,1.51
605135,Chris Bassitt,Baltimore Orioles,56.33,12,10,37,22,6,33,5.27,1.63
687562,Jake Bennett,Boston Red Sox,15.33,3,3,8,5,1,9,5.28,1.5
641401,Connor Brogdon,Cleveland Guardians,15.33,15,0,14,3,5,9,5.28,1.11
689441,Coleman Crow,Milwaukee Brewers,18.67,5,4,10,6,2,11,5.3,1.45
675911,Spencer Strider,Atlanta Braves,39.0,8,8,46,20,9,23,5.31,1.36
641793,Zack Littell,Washington Nationals,66.0,14,10,39,21,16,39,5.32,1.35
573124,Taylor Rogers,Minnesota Twins,27.0,31,0,23,9,2,16,5.33,1.52
656427,Jack Flaherty,Detroit Tigers,65.67,15,15,78,34,8,39,5.35,1.57
656212,Charlie Barnes,Los Angeles Dodgers,5.0,3,0,2,4,0,3,5.4,1.8
675989,Cody Bolton,Houston Astros,20.0,8,3,22,14,3,12,5.4,1.75
680728,Adrian Del Castillo,Arizona Diamondbacks,1.67,1,0,0,0,0,1,5.4,2.4
820862,José Fermin,Los Angeles Angels,15.0,16,0,18,13,2,9,5.4,1.67
683742,Jose Franco,Cincinnati Reds,16.67,9,0,13,14,3,10,5.4,1.92
606996,Kyle Hart,San Diego Padres,16.67,12,0,10,6,0,10,5.4,1.08
642546,Jonathan Hernández,Los Angeles Dodgers,11.67,7,0,10,7,3,7,5.4,1.29
664238,Dylan Moore,Philadelphia Phillies,1.67,2,0,0,1,0,1,5.4,1.2
702281,Robby Snelling,Miami Marlins,5.0,1,1,2,4,1,3,5.4,1.8
677961,Cole Wilcox,Seattle Mariners,13.33,11,0,15,12,1,8,5.4,2.18
668678,Zac Gallen,Arizona Diamondbacks,69.67,14,14,46,21,11,42,5.43,1.55
518876,Merrill Kelly,Arizona Diamondbacks,64.33,11,11,38,27,13,39,5.46,1.45
641778,Eric Lauer,Los Angeles Dodgers,52.67,11,9,36,18,15,32,5.47,1.29
695380,Alex Hoppe,Seattle Mariners,18.0,15,0,19,8,1,11,5.5,1.39
683175,Connor Phillips,Cincinnati Reds,27.67,25,0,28,28,3,17,5.53,1.77
605288,Adrian Houser,San Francisco Giants,65.0,13,13,46,24,11,40,5.54,1.54
592773,Ryne Stanek,St. Louis Cardinals,27.33,30,0,33,18,5,17,5.6,1.61
663855,Jordan Hicks,Chicago White Sox,17.67,20,0,15,17,1,11,5.6,2.09
663903,Brady Singer,Cincinnati Reds,61.0,13,13,47,20,17,38,5.61,1.64
676051,Codi Heuer,Cleveland Guardians,8.0,7,0,6,5,0,5,5.63,1.88
518886,Craig Kimbrel,Tampa Bay Rays,16.0,15,0,17,6,3,10,5.63,1.44
687075,Brandon Sproat,Milwaukee Brewers,60.0,13,11,57,30,12,38,5.7,1.48
660761,José Suarez,Athletics,33.0,21,1,40,17,1,21,5.73,1.82
656849,David Peterson,New York Mets,61.0,14,7,57,26,4,39,5.75,1.64
608566,Germán Márquez,San Diego Padres,29.67,6,6,19,12,8,19,5.76,1.45
681347,Mike Burrows,Houston Astros,73.33,13,13,60,28,17,47,5.77,1.57
665660,Elvis Alvarado,Athletics,14.0,13,0,18,7,1,9,5.79,1.36
687849,Zak Kent,Washington Nationals,9.33,6,0,7,5,3,6,5.79,1.61
579328,Yusei Kikuchi,Los Angeles Angels,31.0,7,7,33,14,3,20,5.81,1.58
668674,Lucas Erceg,Kansas City Royals,26.33,28,0,22,19,2,17,5.81,1.94
702273,Noah Schultz,Chicago White Sox,38.67,8,8,33,22,4,25,5.82,1.34
656546,Jeff Hoffman,Toronto Blue Jays,29.33,32,0,50,11,4,19,5.83,1.64
689520,Cody Laweryson,Minnesota Twins,12.33,10,0,16,6,2,8,5.84,1.3
605400,Aaron Nola,Philadelphia Phillies,66.0,13,13,68,22,11,43,5.86,1.45
663574,Tony Santillan,Cincinnati Reds,26.0,30,0,25,13,9,17,5.88,1.58
696062,Wilber Dotel,Pittsburgh Pirates,18.33,9,0,19,9,2,12,5.89,1.36
571927,Steven Matz,Tampa Bay Rays,47.33,12,10,37,19,10,31,5.89,1.37
571945,Miles Mikolas,Washington Nationals,61.0,14,6,38,16,14,40,5.9,1.34
680730,Mitchell Parker,Washington Nationals,32.0,17,0,28,8,8,21,5.91,1.34
694297,Brandon Pfaadt,Arizona Diamondbacks,38.0,13,3,31,17,7,25,5.92,1.5
543056,Danny Coulombe,Boston Red Sox,13.67,19,0,9,8,1,9,5.93,1.39
687606,Paxton Schultz,Washington Nationals,27.33,21,1,28,10,5,18,5.93,1.57
641312,Shaun Anderson,Los Angeles Angels,16.67,9,0,12,8,3,11,5.94,1.5
674444,Steven Cruz,Kansas City Royals,19.67,18,0,26,12,7,13,5.95,1.53
694341,Brendan Beck,New York Yankees,3.0,1,0,1,3,1,2,6.0,1.67
571510,Matthew Boyd,Chicago Cubs,24.0,5,5,31,6,2,16,6.0,1.29
687473,Ryan Gusto,Miami Marlins,9.0,4,2,9,2,0,6,6.0,1.44
669371,Cole Henry,Washington Nationals,12.0,10,0,13,6,3,8,6.0,1.67
802408,Brycen Mautz,St. Louis Cardinals,3.0,1,0,2,2,0,2,6.0,2.0
686678,Chase Solesky,Tampa Bay Rays,3.0,1,0,4,1,1,2,6.0,2.33
641816,Tyler Mahle,San Francisco Giants,56.67,11,11,57,24,11,38,6.04,1.54
661563,Luis Gil,New York Yankees,19.33,4,4,9,11,6,13,6.05,1.34
676254,Ryan Walker,San Francisco Giants,16.33,17,0,15,10,2,11,6.06,1.78
669684,Chris Murphy,Chicago White Sox,10.33,9,0,9,8,1,7,6.1,1.84
682227,Brandon Williamson,Cincinnati Reds,28.0,6,6,19,20,4,19,6.11,1.64
669432,Trevor Rogers,Baltimore Orioles,60.0,12,12,44,20,9,41,6.15,1.48
679883,Luinder Avila,Kansas City Royals,32.0,13,4,28,22,4,22,6.19,1.81
686799,Jack Kochanowicz,Los Angeles Angels,64.0,13,13,47,36,7,44,6.19,1.58
621383,Tanner Banks,Philadelphia Phillies,24.67,23,1,29,13,1,17,6.2,1.95
675848,Juan Mejia,Colorado Rockies,30.33,28,1,35,18,2,21,6.23,1.75
678022,Jack Perkins,Athletics,36.0,19,2,43,12,4,25,6.25,1.36
674370,Osvaldo Bido,Chicago White Sox,18.67,11,0,11,10,3,13,6.27,1.34
673929,Jordan Leasure,Chicago White Sox,18.67,18,1,18,8,6,13,6.27,1.23
676979,Garrett Crochet,Boston Red Sox,30.0,6,6,37,11,5,21,6.3,1.47
552640,Andrew Kittredge,Baltimore Orioles,15.67,18,0,15,4,3,11,6.32,1.47
678394,Brayan Bello,Boston Red Sox,61.0,12,8,44,24,10,43,6.34,1.67
695534,Chase Petty,Cincinnati Reds,11.33,3,2,2,3,3,8,6.35,1.24
685299,Tanner Gordon,Colorado Rockies,35.33,9,2,35,8,6,25,6.37,1.56
688107,Robert Gasser,Milwaukee Brewers,18.33,4,4,19,9,6,13,6.38,1.58
672582,Angel Zerpa,Milwaukee Brewers,12.67,12,0,8,6,2,9,6.39,1.74
837227,Tatsuya Imai,Houston Astros,35.0,9,9,37,24,5,25,6.43,1.51
641941,Emilio Pagán,Cincinnati Reds,14.0,15,0,11,6,3,10,6.43,1.43
691725,Andrew Painter,Philadelphia Phillies,63.0,13,11,50,22,12,45,6.43,1.57
683000,Riley Cornelio,Washington Nationals,8.33,3,0,4,9,0,6,6.48,1.92
806188,Cade Gibson,Miami Marlins,9.67,7,0,10,4,1,7,6.52,1.76
676684,Will Vest,Detroit Tigers,20.67,21,0,23,8,2,15,6.53,1.45
664208,Phil Maton,Chicago Cubs,22.0,25,0,25,11,3,16,6.55,1.73
664126,Pete Fairbanks,Miami Marlins,19.0,21,1,27,11,3,14,6.63,1.47
669620,Brady Basso,Athletics,2.67,3,0,1,1,1,2,6.75,2.25
640451,Hunter Harvey,Chicago Cubs,4.0,4,0,4,1,2,3,6.75,1.5
682052,Jacob Lopez,Athletics,50.67,12,10,38,33,11,38,6.75,1.84
685112,Zach McCambley,Cincinnati Reds,4.0,3,0,4,2,0,3,6.75,2.0
686610,Ken Waldichuk,Washington Nationals,9.33,5,0,8,6,4,7,6.75,1.5
650556,Bryan Abreu,Houston Astros,22.33,26,0,31,24,5,17,6.85,1.97
621121,Lance McCullers Jr.,Houston Astros,39.33,8,8,43,22,7,30,6.86,1.53
663765,Jake Woodford,Milwaukee Brewers,23.33,16,0,20,7,3,18,6.94,1.76
685801,Hunter Bigge,Tampa Bay Rays,19.33,18,0,14,14,1,15,6.98,1.45
680573,Simeon Woods Richardson,Toronto Blue Jays,51.67,13,10,29,25,9,41,7.14,1.76
681151,Jayden Murray,Houston Astros,11.33,7,0,5,7,0,9,7.15,2.03
656288,Griffin Canning,San Diego Padres,37.67,8,8,39,22,8,30,7.17,1.57
663978,Chris Paddack,Cincinnati Reds,47.67,11,9,37,17,8,38,7.17,1.7
682825,Luis Mey,Cincinnati Reds,8.67,7,0,14,10,2,7,7.27,1.96
686580,Justin Slaten,Boston Red Sox,12.33,14,0,16,5,4,10,7.3,1.62
686751,Seth Johnson,Philadelphia Phillies,3.67,3,0,4,3,0,3,7.36,2.18
701519,Travis Adams,Minnesota Twins,13.33,10,0,16,6,3,11,7.43,1.58
605335,Brandon Leibrandt,Cincinnati Reds,6.0,1,0,3,3,2,5,7.5,2.17
547179,Michael Lorenzen,Colorado Rockies,65.67,15,14,55,24,11,55,7.54,1.9
681168,Luis Curvelo,Texas Rangers,8.33,8,0,4,3,3,7,7.56,1.92
669211,Keegan Akin,Baltimore Orioles,19.0,19,2,13,5,3,16,7.58,1.53
678368,Valente Bellozo,Colorado Rockies,10.67,3,0,8,7,5,9,7.59,1.59
680802,Ryan Weiss,Houston Astros,26.0,9,2,30,20,8,22,7.62,2.12
607481,Aaron Bummer,Atlanta Braves,15.33,19,0,13,10,6,13,7.63,1.83
682995,Hunter Barco,Pittsburgh Pirates,11.67,5,0,8,9,3,10,7.71,1.97
606965,Chris Devenski,Pittsburgh Pirates,2.33,3,0,3,0,1,2,7.71,2.14
694851,Andrew Hoffmann,Arizona Diamondbacks,11.67,8,0,12,8,3,10,7.71,2.06
699008,Antwone Kelly,Pittsburgh Pirates,2.33,1,0,1,1,1,2,7.71,1.29
684320,Yariel Rodríguez,Toronto Blue Jays,9.33,10,0,6,7,2,8,7.71,2.04
681006,Josh Simpson,Seattle Mariners,2.33,3,0,3,1,2,2,7.71,1.29
688642,Zach Agnos,Colorado Rockies,42.67,18,2,30,18,8,37,7.8,1.66
607536,Kyle Freeland,Colorado Rockies,53.0,11,11,45,16,13,46,7.81,1.7
455119,Chris Martin,Texas Rangers,10.33,12,0,7,2,3,9,7.84,1.94
694335,Matt Svanson,St. Louis Cardinals,28.67,26,0,28,15,5,25,7.85,1.74
680767,Victor Vodnik,Colorado Rockies,18.0,18,0,16,13,2,16,8.0,2.11
623437,Justin Topa,Minnesota Twins,19.0,23,0,12,11,4,17,8.05,2.0
641585,J.P. France,Houston Astros,6.67,3,0,4,5,1,6,8.1,1.65
695445,Chase Lee,Toronto Blue Jays,3.33,3,0,1,4,2,3,8.1,1.8
670090,Wyatt Mills,Los Angeles Dodgers,3.33,4,0,1,7,0,3,8.1,3.0
680570,Grayson Rodriguez,Los Angeles Angels,23.33,5,5,23,13,4,21,8.1,1.8
689818,David Sandlin,Chicago White Sox,13.33,3,2,14,7,4,12,8.1,1.43
656986,Bennett Sousa,Houston Astros,3.33,5,0,4,5,0,3,8.1,2.4
606303,Joel Payamps,Atlanta Braves,7.67,12,0,9,4,2,7,8.22,1.7
624522,Keegan Thompson,Colorado Rockies,12.0,5,0,11,2,1,11,8.25,1.75
804267,Zach Thornton,New York Mets,4.33,1,1,3,2,1,4,8.31,1.38
663362,Matt Waldron,San Diego Padres,23.33,6,3,22,7,5,22,8.49,1.71
664353,José Urquidy,Pittsburgh Pirates,6.33,5,0,6,2,1,6,8.53,2.68
693312,Kyle Nicolas,Cincinnati Reds,7.33,7,0,7,13,1,7,8.59,2.86
606115,Orlando Arcia,Minnesota Twins,1.0,1,0,0,2,0,1,9.0,3.0
663941,Tristan Beck,San Francisco Giants,8.0,6,0,3,2,1,8,9.0,1.88
672021,Eric Cerantola,Kansas City Royals,4.0,3,0,7,4,2,4,9.0,1.75
671382,Cameron Foster,Baltimore Orioles,9.0,6,0,9,8,1,9,9.0,2.78
472610,Luis García,Minnesota Twins,15.0,15,0,6,6,2,15,9.0,1.93
689690,Alek Jacob,San Diego Padres,2.0,2,0,3,2,0,2,9.0,2.5
681432,Luke Little,Chicago Cubs,1.0,1,0,1,0,1,1,9.0,2.0
663967,César Salazar,Houston Astros,1.0,1,0,0,0,1,1,9.0,1.0
676742,Cam Sanders,Pittsburgh Pirates,6.0,6,0,8,5,0,6,9.0,1.83
805326,Tyler Schweitzer,Chicago White Sox,4.0,4,0,1,3,0,4,9.0,2.0
673540,Kodai Senga,New York Mets,20.0,5,5,23,13,5,20,9.0,1.95
669704,Kade Strowd,Arizona Diamondbacks,1.0,1,0,1,3,0,1,9.0,4.0
608723,Austin Voth,Toronto Blue Jays,6.0,2,0,1,5,3,6,9.0,2.17
592836,Taijuan Walker,Philadelphia Phillies,22.67,5,4,17,11,8,23,9.13,2.07
669920,Jason Alexander,Houston Astros,18.33,4,2,14,8,4,19,9.33,1.58
676508,Ben Casparius,Los Angeles Dodgers,4.67,5,0,4,4,1,5,9.64,2.14
701552,Andre Granillo,Washington Nationals,9.33,8,0,3,8,2,10,9.64,2.25
666201,Alek Manoah,Los Angeles Angels,7.33,3,0,5,8,1,8,9.82,2.18
670912,Johan Oviedo,Boston Red Sox,3.67,1,0,3,1,2,4,9.82,1.91
688497,Taylor Rashi,Arizona Diamondbacks,3.67,3,0,4,1,1,4,9.82,1.09
687209,Zach Maxwell,Cincinnati Reds,8.0,8,0,6,7,2,9,10.13,2.38
671111,Sammy Peralta,Colorado Rockies,2.67,2,1,4,2,1,3,10.13,1.88
675919,Nick Raquet,Baltimore Orioles,2.67,3,0,1,2,1,3,10.13,1.88
605447,Jordan Romano,Los Angeles Angels,8.0,11,0,12,6,1,9,10.13,2.13
453286,Max Scherzer,Toronto Blue Jays,22.0,6,6,14,11,9,25,10.23,1.73
663465,Kolby Allard,Cleveland Guardians,8.67,4,0,9,3,2,10,10.38,2.19
621242,Edwin Díaz,Los Angeles Dodgers,6.0,7,0,10,5,1,7,10.5,2.33
668970,Gavin Hollowell,Chicago Cubs,1.67,1,0,1,4,1,2,10.8,3.6
656686,Corbin Martin,Chicago Cubs,5.0,7,0,4,5,2,6,10.8,2.0
681343,Shane Smith,Chicago White Sox,8.33,3,3,11,9,1,10,10.8,2.52
686475,Tyler Tolbert,Kansas City Royals,1.67,2,0,0,1,1,2,10.8,3.0
694360,Beck Way,Kansas City Royals,3.33,3,0,6,1,1,4,10.8,2.1
669169,Jonathan Heasley,Tampa Bay Rays,4.0,1,0,2,0,2,5,11.25,2.0
543510,James McCann,Arizona Diamondbacks,4.0,4,0,0,3,1,5,11.25,3.0
680704,Nick Sandlin,Los Angeles Angels,8.67,8,0,6,5,2,11,11.42,1.62
676467,Colton Gordon,Houston Astros,9.33,4,1,11,3,6,12,11.57,2.57
691946,George Klassen,Los Angeles Angels,4.67,2,2,6,10,1,6,11.57,3.64
676596,Josh Fleming,Toronto Blue Jays,3.0,1,0,1,2,1,4,12.0,2.67
605483,Blake Snell,Los Angeles Dodgers,3.0,1,1,5,2,0,4,12.0,2.67
688297,Chris Roycroft,St. Louis Cardinals,3.67,5,0,3,5,1,5,12.27,3.55
434378,Justin Verlander,Detroit Tigers,3.67,1,1,1,2,1,5,12.27,2.18
689225,Beau Brieske,Detroit Tigers,4.33,4,0,4,4,2,6,12.46,2.31
664299,Cristian Javier,Houston Astros,9.33,3,3,4,9,2,13,12.54,2.36
595978,Austin Hedges,Cleveland Guardians,1.33,2,0,0,0,0,2,13.5,3.0
623168,Tyler Heineman,Toronto Blue Jays,3.33,3,0,0,1,1,5,13.5,2.4
696522,Hayden Juenger,Toronto Blue Jays,2.0,2,0,0,2,0,3,13.5,2.0
683766,Christian Koss,San Francisco Giants,2.0,2,0,0,0,0,3,13.5,2.5
664192,Joey Lucchesi,Los Angeles Angels,3.33,5,0,4,6,1,5,13.5,3.9
691548,Rolddy Muñoz,Atlanta Braves,2.0,1,0,3,1,1,3,13.5,3.0
687765,Mitch Spence,Kansas City Royals,4.0,1,0,3,5,1,6,13.5,2.25
663559,Bailey Falter,Kansas City Royals,9.67,5,2,6,6,4,15,13.97,3.1
624431,Jose Trevino,Cincinnati Reds,5.0,4,0,1,1,0,8,14.4,3.0
806960,Luis Morales,Athletics,9.33,3,2,7,12,5,15,14.46,3.11
666129,Braxton Garrett,Miami Marlins,4.33,2,2,5,8,0,7,14.54,3.46
693313,Carson Seymour,San Francisco Giants,4.33,2,0,2,2,1,7,14.54,3.0
696270,Ryan Johnson,Los Angeles Angels,8.33,4,1,5,7,3,14,15.12,2.64
642215,Weston Wilson,Baltimore Orioles,2.33,3,0,0,0,2,4,15.43,2.57
676568,Ricky Vanasco,Detroit Tigers,6.33,5,0,4,6,2,11,15.63,3.16
696136,Jordan Wicks,Chicago Cubs,6.33,2,2,6,1,1,11,15.63,2.21
682610,Roddery Muñoz,Houston Astros,4.0,3,0,6,6,3,7,15.75,3.25
547184,Michael Kelly,Athletics,5.0,5,0,6,6,1,9,16.2,3.6
676604,Tyler Zuber,Miami Marlins,1.67,3,0,3,3,0,3,16.2,2.4
621053,Tyler Ferguson,Chicago Cubs,2.67,2,0,4,0,3,5,16.88,2.63
691769,Philip Abner,Arizona Diamondbacks,3.67,2,0,3,2,2,7,17.18,2.18
656457,Tyler Gilbert,Chicago White Sox,3.67,4,1,3,4,2,7,17.18,3.0
624428,Adam Frazier,Los Angeles Angels,2.0,3,0,0,2,1,4,18.0,4.5
608348,Carson Kelly,Chicago Cubs,1.0,1,0,0,0,2,2,18.0,2.0
699151,Jedixson Paez,Chicago White Sox,3.0,3,0,0,3,2,6,18.0,2.33
642152,Lou Trivino,Baltimore Orioles,3.0,2,0,3,3,0,6,18.0,3.0
605452,Joe Ross,Arizona Diamondbacks,3.67,3,0,2,4,1,8,19.64,3.0
695034,Kade Morris,Athletics,4.0,1,1,4,3,3,9,20.25,3.0
682274,Yaramil Hiraldo,Baltimore Orioles,1.67,3,0,2,4,2,4,21.6,4.2
676130,José Buttó,San Francisco Giants,2.0,3,0,5,4,2,5,22.5,5.0
678576,Wilkin Ramos,San Francisco Giants,2.0,2,0,1,4,0,5,22.5,4.5
686894,Joey Wiemer,Washington Nationals,2.0,2,0,0,2,1,5,22.5,4.5
663893,Brendon Little,Toronto Blue Jays,3.67,5,0,6,3,3,10,24.55,3.55
641656,Ian Hamilton,Atlanta Braves,1.0,1,0,1,2,0,3,27.0,4.0
656577,Alex Jackson,Minnesota Twins,1.0,1,0,0,1,2,3,27.0,3.0
686747,Joe La Sorsa,Boston Red Sox,0.33,1,0,1,0,1,1,27.0,3.0
680689,Lyon Richardson,Cincinnati Reds,1.67,2,1,3,2,2,5,27.0,2.4
500743,Miguel Rojas,Los Angeles Dodgers,2.0,2,0,0,1,2,6,27.0,5.0
681806,Andrew Wantz,Tampa Bay Rays,1.67,1,0,1,2,1,5,27.0,2.4
671083,Buddy Kennedy,San Francisco Giants,1.0,1,0,0,2,0,4,36.0,6.0
678391,Jorbit Vivas,Washington Nationals,0.67,1,0,0,0,0,3,40.5,6.0
671131,Jackson Rutledge,Washington Nationals,1.33,1,0,2,2,0,7,47.25,6.0
687985,Josh White,Miami Marlins,0.67,1,0,1,4,1,5,67.5,7.5
605156,Aaron Brooks,Tampa Bay Rays,0.33,1,0,0,2,1,3,81.0,9.0
628708,Yunior Marte,Cincinnati Reds,0.33,1,0,1,1,0,4,108.0,12.0
608032,Carlos Estévez,Kansas City Royals,0.33,1,0,0,2,1,6,162.0,18.0
