name,position_label,year,mlb_yr,age,team,G,PA,AB,AVG,OBP,SLG,OPS,HR,BB,SO
Pete Alonso,1B,2019,1,24,New York Mets,161,693,597,0.26,0.358,0.583,0.941,53,72,183
Pete Alonso,1B,2020,2,25,New York Mets,57,239,208,0.231,0.326,0.49,0.816,16,24,61
Pete Alonso,1B,2021,3,26,New York Mets,152,637,561,0.262,0.344,0.519,0.863,37,60,127
Pete Alonso,1B,2022,4,27,New York Mets,160,685,597,0.271,0.352,0.518,0.87,40,67,128
Pete Alonso,1B,2023,5,28,New York Mets,154,658,568,0.217,0.318,0.504,0.822,46,65,151
Pete Alonso,1B,2024,6,29,New York Mets,162,695,608,0.24,0.329,0.459,0.788,34,70,172
Pete Alonso,1B,2025,7,30,New York Mets,162,709,624,0.272,0.347,0.524,0.871,38,61,162
Manny Machado,3B/SS,2012,1,19,Baltimore Orioles,51,202,191,0.262,0.294,0.445,0.739,7,9,38
Manny Machado,3B/SS,2013,2,20,Baltimore Orioles,156,710,667,0.283,0.314,0.432,0.746,14,29,113
Manny Machado,3B/SS,2014,3,21,Baltimore Orioles,82,354,327,0.278,0.324,0.431,0.755,12,20,68
Manny Machado,3B/SS,2015,4,22,Baltimore Orioles,162,713,633,0.286,0.359,0.502,0.861,35,70,111
Manny Machado,3B/SS,2016,5,23,Baltimore Orioles,157,696,640,0.294,0.343,0.533,0.876,37,48,120
Manny Machado,3B/SS,2017,6,24,Baltimore Orioles,156,690,630,0.259,0.31,0.471,0.781,33,50,115
Manny Machado,3B/SS,2018,7,25,Baltimore Orioles,96,413,365,0.315,0.387,0.575,0.962,24,45,51
Manny Machado,3B/SS,2018,7,25,Los Angeles Dodgers,66,296,267,0.273,0.338,0.487,0.825,13,25,53
Manny Machado,3B/SS,2018,7,25,,162,709,632,0.297,0.367,0.538,0.905,37,70,104
Manny Machado,3B/SS,2019,8,26,San Diego Padres,156,661,587,0.256,0.334,0.462,0.796,32,65,128
Manny Machado,3B/SS,2020,9,27,San Diego Padres,60,254,224,0.304,0.37,0.58,0.95,16,26,37
Manny Machado,3B/SS,2021,10,28,San Diego Padres,153,640,564,0.278,0.347,0.489,0.836,28,63,102
Manny Machado,3B/SS,2022,11,29,San Diego Padres,150,644,578,0.298,0.366,0.531,0.897,32,63,133
Manny Machado,3B/SS,2023,12,30,San Diego Padres,138,601,543,0.258,0.319,0.462,0.781,30,50,109
Manny Machado,3B/SS,2024,13,31,San Diego Padres,152,643,593,0.275,0.325,0.472,0.797,29,45,124
Manny Machado,3B/SS,2025,14,32,San Diego Padres,159,678,615,0.275,0.335,0.46,0.795,27,55,131
Albert Pujols,1B,2001,1,21,St. Louis Cardinals,161,676,590,0.329,0.403,0.61,1.013,37,69,93
Albert Pujols,1B,2002,2,22,St. Louis Cardinals,157,675,590,0.314,0.394,0.561,0.955,34,72,69
Albert Pujols,1B,2003,3,23,St. Louis Cardinals,157,685,591,0.359,0.439,0.667,1.106,43,79,65
Albert Pujols,1B,2004,4,24,St. Louis Cardinals,154,692,592,0.331,0.415,0.657,1.072,46,84,52
Albert Pujols,1B,2005,5,25,St. Louis Cardinals,161,700,591,0.33,0.43,0.609,1.039,41,97,65
Albert Pujols,1B,2006,6,26,St. Louis Cardinals,143,634,535,0.331,0.431,0.671,1.102,49,92,50
Albert Pujols,1B,2007,7,27,St. Louis Cardinals,158,679,565,0.327,0.429,0.568,0.997,32,99,58
Albert Pujols,1B,2008,8,28,St. Louis Cardinals,148,641,524,0.357,0.462,0.653,1.115,37,104,54
Albert Pujols,1B,2009,9,29,St. Louis Cardinals,160,700,568,0.327,0.443,0.658,1.101,47,115,64
Albert Pujols,1B,2010,10,30,St. Louis Cardinals,159,700,587,0.312,0.414,0.596,1.01,42,103,76
Albert Pujols,1B,2011,11,31,St. Louis Cardinals,147,651,579,0.299,0.366,0.541,0.907,37,61,58
Albert Pujols,1B,2012,12,32,Los Angeles Angels,154,670,607,0.285,0.343,0.516,0.859,30,52,76
Albert Pujols,1B,2013,13,33,Los Angeles Angels,99,443,391,0.258,0.33,0.437,0.767,17,40,55
Albert Pujols,1B,2014,14,34,Los Angeles Angels,159,695,633,0.272,0.324,0.466,0.79,28,48,71
Albert Pujols,1B,2015,15,35,Los Angeles Angels,157,661,602,0.244,0.307,0.48,0.787,40,50,72
Albert Pujols,1B,2016,16,36,Los Angeles Angels,152,650,593,0.268,0.323,0.457,0.78,31,49,75
Albert Pujols,1B,2017,17,37,Los Angeles Angels,149,636,593,0.241,0.286,0.386,0.672,23,37,93
Albert Pujols,1B,2018,18,38,Los Angeles Angels,117,498,465,0.245,0.289,0.411,0.7,19,28,65
Albert Pujols,1B,2019,19,39,Los Angeles Angels,131,545,491,0.244,0.305,0.43,0.735,23,43,68
Albert Pujols,1B,2020,20,40,Los Angeles Angels,39,163,152,0.224,0.27,0.395,0.665,6,9,25
Albert Pujols,1B,2021,21,41,Los Angeles Angels,24,92,86,0.198,0.25,0.372,0.622,5,3,13
Albert Pujols,1B,2021,21,41,Los Angeles Dodgers,85,204,189,0.254,0.299,0.46,0.759,12,11,32
Albert Pujols,1B,2021,21,41,,109,296,275,0.236,0.284,0.433,0.717,17,14,45
Albert Pujols,1B,2022,22,42,St. Louis Cardinals,109,351,307,0.27,0.345,0.55,0.895,24,28,55
Jeff Bagwell,1B,1991,1,23,Houston Astros,156,650,554,0.294,0.387,0.437,0.824,15,75,116
Jeff Bagwell,1B,1992,2,24,Houston Astros,162,697,586,0.273,0.368,0.444,0.812,18,84,97
Jeff Bagwell,1B,1993,3,25,Houston Astros,142,609,535,0.32,0.388,0.516,0.904,20,62,73
Jeff Bagwell,1B,1994,4,26,Houston Astros,110,479,400,0.368,0.451,0.75,1.201,39,65,65
Jeff Bagwell,1B,1995,5,27,Houston Astros,114,539,448,0.29,0.399,0.496,0.895,21,79,102
Jeff Bagwell,1B,1996,6,28,Houston Astros,162,719,568,0.315,0.451,0.57,1.021,31,135,114
Jeff Bagwell,1B,1997,7,29,Houston Astros,162,717,566,0.286,0.425,0.592,1.017,43,127,122
Jeff Bagwell,1B,1998,8,30,Houston Astros,147,661,540,0.304,0.424,0.557,0.981,34,109,90
Jeff Bagwell,1B,1999,9,31,Houston Astros,162,729,562,0.304,0.454,0.591,1.045,42,149,127
Jeff Bagwell,1B,2000,10,32,Houston Astros,159,719,590,0.31,0.424,0.615,1.039,47,107,116
Jeff Bagwell,1B,2001,11,33,Houston Astros,161,717,600,0.288,0.397,0.568,0.965,39,106,135
Jeff Bagwell,1B,2002,12,34,Houston Astros,158,691,571,0.291,0.401,0.518,0.919,31,101,130
Jeff Bagwell,1B,2003,13,35,Houston Astros,160,702,605,0.278,0.373,0.524,0.897,39,88,119
Jeff Bagwell,1B,2004,14,36,Houston Astros,156,679,572,0.266,0.377,0.465,0.842,27,96,131
Jeff Bagwell,1B,2005,15,37,Houston Astros,39,123,100,0.25,0.358,0.38,0.738,3,18,21
Jim Thome,1B,1991,1,20,Cleveland Indians,27,104,98,0.255,0.298,0.367,0.665,1,5,16
Jim Thome,1B,1992,2,21,Cleveland Indians,40,131,117,0.205,0.275,0.299,0.574,2,10,34
Jim Thome,1B,1993,3,22,Cleveland Indians,47,192,154,0.266,0.385,0.474,0.859,7,29,36
Jim Thome,1B,1994,4,23,Cleveland Indians,98,369,321,0.268,0.359,0.523,0.882,20,46,84
Jim Thome,1B,1995,5,24,Cleveland Indians,137,557,452,0.314,0.438,0.558,0.996,25,97,113
Jim Thome,1B,1996,6,25,Cleveland Indians,151,636,505,0.311,0.45,0.612,1.062,38,123,141
Jim Thome,1B,1997,7,26,Cleveland Indians,147,627,496,0.286,0.423,0.579,1.002,40,120,146
Jim Thome,1B,1998,8,27,Cleveland Indians,123,537,440,0.293,0.413,0.584,0.997,30,89,141
Jim Thome,1B,1999,9,28,Cleveland Indians,146,629,494,0.277,0.426,0.54,0.966,33,127,171
Jim Thome,1B,2000,10,29,Cleveland Indians,158,684,557,0.269,0.398,0.531,0.929,37,118,171
Jim Thome,1B,2001,11,30,Cleveland Indians,156,644,526,0.291,0.416,0.624,1.04,49,111,185
Jim Thome,1B,2002,12,31,Cleveland Indians,147,613,480,0.304,0.445,0.677,1.122,52,122,139
Jim Thome,1B,2003,13,32,Philadelphia Phillies,159,698,578,0.266,0.385,0.573,0.958,47,111,182
Jim Thome,1B,2004,14,33,Philadelphia Phillies,143,618,508,0.274,0.396,0.581,0.977,42,104,144
Jim Thome,1B,2005,15,34,Philadelphia Phillies,59,242,193,0.207,0.36,0.352,0.712,7,45,59
Jim Thome,1B,2006,16,35,Chicago White Sox,143,610,490,0.288,0.416,0.598,1.014,42,107,147
Jim Thome,1B,2007,17,36,Chicago White Sox,130,536,432,0.275,0.41,0.563,0.973,35,95,134
Jim Thome,1B,2008,18,37,Chicago White Sox,149,602,503,0.245,0.362,0.503,0.865,34,91,147
Jim Thome,1B,2009,19,38,Chicago White Sox,107,417,345,0.249,0.372,0.493,0.865,23,69,116
Jim Thome,1B,2009,19,38,Los Angeles Dodgers,17,17,17,0.235,0.235,0.235,0.47,0,0,7
Jim Thome,1B,2009,19,38,,124,434,362,0.249,0.366,0.481,0.847,23,69,123
Jim Thome,1B,2010,20,39,Minnesota Twins,108,340,276,0.283,0.412,0.627,1.039,25,60,82
Jim Thome,1B,2011,21,40,Minnesota Twins,71,242,206,0.243,0.351,0.476,0.827,12,35,69
Jim Thome,1B,2011,21,40,Cleveland Indians,22,82,71,0.296,0.39,0.479,0.869,3,11,23
Jim Thome,1B,2011,21,40,,93,324,277,0.256,0.361,0.477,0.838,15,46,92
Jim Thome,1B,2012,22,41,Philadelphia Phillies,30,71,62,0.242,0.338,0.516,0.854,5,8,21
Jim Thome,1B,2012,22,41,Baltimore Orioles,28,115,101,0.257,0.348,0.396,0.744,3,14,40
Jim Thome,1B,2012,22,41,,58,186,163,0.252,0.344,0.442,0.786,8,22,61
Frank Thomas,1B,1990,1,22,Chicago White Sox,60,240,191,0.33,0.454,0.529,0.983,7,44,54
Frank Thomas,1B,1991,2,23,Chicago White Sox,158,701,559,0.318,0.453,0.553,1.006,32,138,112
Frank Thomas,1B,1992,3,24,Chicago White Sox,160,711,573,0.323,0.439,0.536,0.975,24,122,88
Frank Thomas,1B,1993,4,25,Chicago White Sox,153,676,549,0.317,0.426,0.607,1.033,41,112,54
Frank Thomas,1B,1994,5,26,Chicago White Sox,113,517,399,0.353,0.487,0.729,1.216,38,109,61
Frank Thomas,1B,1995,6,27,Chicago White Sox,145,647,493,0.308,0.454,0.606,1.06,40,136,74
Frank Thomas,1B,1996,7,28,Chicago White Sox,141,649,527,0.349,0.459,0.626,1.085,40,109,70
Frank Thomas,1B,1997,8,29,Chicago White Sox,146,649,530,0.347,0.456,0.611,1.067,35,109,69
Frank Thomas,1B,1998,9,30,Chicago White Sox,160,712,585,0.265,0.381,0.48,0.861,29,110,93
Frank Thomas,1B,1999,10,31,Chicago White Sox,135,590,486,0.305,0.414,0.471,0.885,15,87,66
Frank Thomas,1B,2000,11,32,Chicago White Sox,159,707,582,0.328,0.436,0.625,1.061,43,112,94
Frank Thomas,1B,2001,12,33,Chicago White Sox,20,79,68,0.221,0.316,0.441,0.757,4,10,12
Frank Thomas,1B,2002,13,34,Chicago White Sox,148,628,523,0.252,0.361,0.472,0.833,28,88,115
Frank Thomas,1B,2003,14,35,Chicago White Sox,153,662,546,0.267,0.39,0.562,0.952,42,100,115
Frank Thomas,1B,2004,15,36,Chicago White Sox,74,311,240,0.271,0.434,0.563,0.997,18,64,57
Frank Thomas,1B,2005,16,37,Chicago White Sox,34,124,105,0.219,0.315,0.59,0.905,12,16,31
Frank Thomas,1B,2006,17,38,Oakland Athletics,137,559,466,0.27,0.381,0.545,0.926,39,81,81
Frank Thomas,1B,2007,18,39,Toronto Blue Jays,155,624,531,0.277,0.377,0.48,0.857,26,81,94
Frank Thomas,1B,2008,19,40,Toronto Blue Jays,16,72,60,0.167,0.306,0.333,0.639,3,11,13
Frank Thomas,1B,2008,19,40,Oakland Athletics,55,217,186,0.263,0.364,0.387,0.751,5,28,44
Frank Thomas,1B,2008,19,40,,71,289,246,0.24,0.349,0.374,0.723,8,39,57
Mark Teixeira,1B,2003,1,23,Texas Rangers,146,589,529,0.259,0.331,0.48,0.811,26,44,120
Mark Teixeira,1B,2004,2,24,Texas Rangers,145,625,545,0.281,0.37,0.56,0.93,38,68,117
Mark Teixeira,1B,2005,3,25,Texas Rangers,162,730,644,0.301,0.379,0.575,0.954,43,72,124
Mark Teixeira,1B,2006,4,26,Texas Rangers,162,727,628,0.282,0.371,0.514,0.885,33,89,128
Mark Teixeira,1B,2007,5,27,Texas Rangers,78,335,286,0.297,0.397,0.524,0.921,13,45,66
Mark Teixeira,1B,2007,5,27,Atlanta Braves,54,240,208,0.317,0.404,0.615,1.019,17,27,46
Mark Teixeira,1B,2007,5,27,,132,575,494,0.306,0.4,0.563,0.963,30,72,112
Mark Teixeira,1B,2008,6,28,Atlanta Braves,103,451,381,0.283,0.39,0.512,0.902,20,65,70
Mark Teixeira,1B,2008,6,28,Los Angeles Angels,54,234,193,0.358,0.449,0.632,1.081,13,32,23
Mark Teixeira,1B,2008,6,28,,157,685,574,0.308,0.41,0.552,0.962,33,97,93
Mark Teixeira,1B,2009,7,29,New York Yankees,156,707,609,0.292,0.383,0.565,0.948,39,81,114
Mark Teixeira,1B,2010,8,30,New York Yankees,158,712,601,0.256,0.365,0.481,0.846,33,93,122
Mark Teixeira,1B,2011,9,31,New York Yankees,156,684,589,0.248,0.341,0.494,0.835,39,76,110
Mark Teixeira,1B,2012,10,32,New York Yankees,123,524,451,0.251,0.332,0.475,0.807,24,54,83
Mark Teixeira,1B,2013,11,33,New York Yankees,15,63,53,0.151,0.27,0.34,0.61,3,8,19
Mark Teixeira,1B,2014,12,34,New York Yankees,123,508,440,0.216,0.313,0.398,0.711,22,58,109
Mark Teixeira,1B,2015,13,35,New York Yankees,111,462,392,0.255,0.357,0.548,0.905,31,59,85
Mark Teixeira,1B,2016,14,36,New York Yankees,116,438,387,0.204,0.292,0.362,0.654,15,47,105
Paul Goldschmidt,1B,2011,1,23,Arizona Diamondbacks,48,177,156,0.25,0.333,0.474,0.807,8,20,53
Paul Goldschmidt,1B,2012,2,24,Arizona Diamondbacks,145,587,514,0.286,0.359,0.49,0.849,20,60,130
Paul Goldschmidt,1B,2013,3,25,Arizona Diamondbacks,160,710,602,0.302,0.401,0.551,0.952,36,99,145
Paul Goldschmidt,1B,2014,4,26,Arizona Diamondbacks,109,479,406,0.3,0.396,0.542,0.938,19,64,110
Paul Goldschmidt,1B,2015,5,27,Arizona Diamondbacks,159,695,567,0.321,0.435,0.57,1.005,33,118,151
Paul Goldschmidt,1B,2016,6,28,Arizona Diamondbacks,158,705,579,0.297,0.411,0.489,0.9,24,110,150
Paul Goldschmidt,1B,2017,7,29,Arizona Diamondbacks,155,665,558,0.297,0.404,0.563,0.967,36,94,147
Paul Goldschmidt,1B,2018,8,30,Arizona Diamondbacks,158,690,593,0.29,0.389,0.533,0.922,33,90,173
Paul Goldschmidt,1B,2019,9,31,St. Louis Cardinals,161,682,597,0.26,0.346,0.476,0.822,34,78,166
Paul Goldschmidt,1B,2020,10,32,St. Louis Cardinals,58,231,191,0.304,0.417,0.466,0.883,6,37,43
Paul Goldschmidt,1B,2021,11,33,St. Louis Cardinals,158,679,603,0.294,0.365,0.514,0.879,31,67,136
Paul Goldschmidt,1B,2022,12,34,St. Louis Cardinals,151,651,561,0.317,0.404,0.578,0.982,35,79,141
Paul Goldschmidt,1B,2023,13,35,St. Louis Cardinals,154,687,593,0.268,0.363,0.447,0.81,25,87,161
Paul Goldschmidt,1B,2024,14,36,St. Louis Cardinals,154,654,599,0.245,0.302,0.414,0.716,22,47,173
Paul Goldschmidt,1B,2025,15,37,New York Yankees,146,534,489,0.274,0.328,0.403,0.731,10,36,100
Joey Votto,1B,2007,1,23,Cincinnati Reds,24,89,84,0.321,0.36,0.548,0.908,4,5,15
Joey Votto,1B,2008,2,24,Cincinnati Reds,151,589,526,0.297,0.368,0.506,0.874,24,59,102
Joey Votto,1B,2009,3,25,Cincinnati Reds,131,544,469,0.322,0.414,0.567,0.981,25,70,106
Joey Votto,1B,2010,4,26,Cincinnati Reds,150,648,547,0.324,0.424,0.6,1.024,37,91,125
Joey Votto,1B,2011,5,27,Cincinnati Reds,161,719,599,0.309,0.416,0.531,0.947,29,110,129
Joey Votto,1B,2012,6,28,Cincinnati Reds,111,475,374,0.337,0.474,0.567,1.041,14,94,85
Joey Votto,1B,2013,7,29,Cincinnati Reds,162,726,581,0.305,0.435,0.491,0.926,24,135,138
Joey Votto,1B,2014,8,30,Cincinnati Reds,62,272,220,0.255,0.39,0.409,0.799,6,47,49
Joey Votto,1B,2015,9,31,Cincinnati Reds,158,695,545,0.314,0.459,0.541,1.0,29,143,135
Joey Votto,1B,2016,10,32,Cincinnati Reds,158,677,556,0.326,0.434,0.55,0.984,29,108,120
Joey Votto,1B,2017,11,33,Cincinnati Reds,162,707,559,0.32,0.454,0.578,1.032,36,134,83
Joey Votto,1B,2018,12,34,Cincinnati Reds,145,623,503,0.284,0.417,0.419,0.836,12,108,101
Joey Votto,1B,2019,13,35,Cincinnati Reds,142,608,525,0.261,0.357,0.411,0.768,15,76,123
Joey Votto,1B,2020,14,36,Cincinnati Reds,54,223,186,0.226,0.354,0.446,0.8,11,37,43
Joey Votto,1B,2021,15,37,Cincinnati Reds,129,533,448,0.266,0.375,0.563,0.938,36,77,127
Joey Votto,1B,2022,16,38,Cincinnati Reds,91,376,322,0.205,0.319,0.37,0.689,11,44,97
Joey Votto,1B,2023,17,39,Cincinnati Reds,65,242,208,0.202,0.314,0.433,0.747,14,27,62
Ryan Howard,1B,2004,1,24,Philadelphia Phillies,19,42,39,0.282,0.333,0.564,0.897,2,2,13
Ryan Howard,1B,2005,2,25,Philadelphia Phillies,88,348,312,0.288,0.356,0.567,0.923,22,33,100
Ryan Howard,1B,2006,3,26,Philadelphia Phillies,159,704,581,0.313,0.425,0.659,1.084,58,108,181
Ryan Howard,1B,2007,4,27,Philadelphia Phillies,144,648,529,0.268,0.392,0.584,0.976,47,107,199
Ryan Howard,1B,2008,5,28,Philadelphia Phillies,162,700,610,0.251,0.339,0.543,0.882,48,81,199
Ryan Howard,1B,2009,6,29,Philadelphia Phillies,160,703,616,0.279,0.36,0.571,0.931,45,75,186
Ryan Howard,1B,2010,7,30,Philadelphia Phillies,143,620,550,0.276,0.353,0.505,0.858,31,59,157
Ryan Howard,1B,2011,8,31,Philadelphia Phillies,152,644,557,0.253,0.346,0.488,0.834,33,75,172
Ryan Howard,1B,2012,9,32,Philadelphia Phillies,71,292,260,0.219,0.295,0.423,0.718,14,25,99
Ryan Howard,1B,2013,10,33,Philadelphia Phillies,80,317,286,0.266,0.319,0.465,0.784,11,23,95
Ryan Howard,1B,2014,11,34,Philadelphia Phillies,153,648,569,0.223,0.31,0.38,0.69,23,67,190
Ryan Howard,1B,2015,12,35,Philadelphia Phillies,129,503,467,0.229,0.277,0.443,0.72,23,27,138
Ryan Howard,1B,2016,13,36,Philadelphia Phillies,112,362,331,0.196,0.257,0.453,0.71,25,27,114
Fred McGriff,1B,1986,1,22,Toronto Blue Jays,3,5,5,0.2,0.2,0.2,0.4,0,0,2
Fred McGriff,1B,1987,2,23,Toronto Blue Jays,107,356,295,0.247,0.376,0.505,0.881,20,60,104
Fred McGriff,1B,1988,3,24,Toronto Blue Jays,154,623,536,0.282,0.376,0.552,0.928,34,79,149
Fred McGriff,1B,1989,4,25,Toronto Blue Jays,161,680,551,0.269,0.399,0.525,0.924,36,119,132
Fred McGriff,1B,1990,5,26,Toronto Blue Jays,153,658,557,0.3,0.4,0.53,0.93,35,94,108
Fred McGriff,1B,1991,6,27,San Diego Padres,153,642,528,0.278,0.396,0.494,0.89,31,105,135
Fred McGriff,1B,1992,7,28,San Diego Padres,152,632,531,0.286,0.394,0.556,0.95,35,96,108
Fred McGriff,1B,1993,8,29,San Diego Padres,83,349,302,0.275,0.361,0.497,0.858,18,42,55
Fred McGriff,1B,1993,8,29,Atlanta Braves,68,291,255,0.31,0.392,0.612,1.004,19,34,51
Fred McGriff,1B,1993,8,29,,151,640,557,0.291,0.375,0.549,0.924,37,76,106
Fred McGriff,1B,1994,9,30,Atlanta Braves,113,478,424,0.318,0.389,0.623,1.012,34,50,76
Fred McGriff,1B,1995,10,31,Atlanta Braves,144,604,528,0.28,0.361,0.489,0.85,27,65,99
Fred McGriff,1B,1996,11,32,Atlanta Braves,159,691,617,0.295,0.365,0.494,0.859,28,68,116
Fred McGriff,1B,1997,12,33,Atlanta Braves,152,641,564,0.277,0.356,0.441,0.797,22,68,112
Fred McGriff,1B,1998,13,34,Tampa Bay Devil Rays,151,649,564,0.284,0.371,0.443,0.814,19,79,118
Fred McGriff,1B,1999,14,35,Tampa Bay Devil Rays,144,620,529,0.31,0.405,0.552,0.957,32,86,107
Fred McGriff,1B,2000,15,36,Tampa Bay Devil Rays,158,664,566,0.277,0.373,0.452,0.825,27,91,120
Fred McGriff,1B,2001,16,37,Tampa Bay Devil Rays,97,385,343,0.318,0.387,0.536,0.923,19,40,69
Fred McGriff,1B,2001,16,37,Chicago Cubs,49,201,170,0.282,0.383,0.559,0.942,12,26,37
Fred McGriff,1B,2001,16,37,,146,586,513,0.306,0.386,0.544,0.93,31,66,106
Fred McGriff,1B,2002,17,38,Chicago Cubs,146,595,523,0.273,0.353,0.505,0.858,30,63,99
Fred McGriff,1B,2003,18,39,Los Angeles Dodgers,86,329,297,0.249,0.322,0.428,0.75,13,31,66
Fred McGriff,1B,2004,19,40,Tampa Bay Devil Rays,27,81,72,0.181,0.272,0.306,0.578,2,9,19
John Olerud,1B,1989,1,20,Toronto Blue Jays,6,8,8,0.375,0.375,0.375,0.75,0,0,1
John Olerud,1B,1990,2,21,Toronto Blue Jays,111,421,358,0.265,0.364,0.43,0.794,14,57,75
John Olerud,1B,1991,3,22,Toronto Blue Jays,139,541,454,0.256,0.353,0.438,0.791,17,68,84
John Olerud,1B,1992,4,23,Toronto Blue Jays,138,537,458,0.284,0.375,0.45,0.825,16,70,61
John Olerud,1B,1993,5,24,Toronto Blue Jays,158,679,551,0.363,0.473,0.599,1.072,24,114,65
John Olerud,1B,1994,6,25,Toronto Blue Jays,108,453,384,0.297,0.393,0.477,0.87,12,61,53
John Olerud,1B,1995,7,26,Toronto Blue Jays,135,581,492,0.291,0.398,0.404,0.802,8,84,54
John Olerud,1B,1996,8,27,Toronto Blue Jays,125,469,398,0.274,0.382,0.472,0.854,18,60,37
John Olerud,1B,1997,9,28,New York Mets,154,630,524,0.294,0.4,0.489,0.889,22,85,67
John Olerud,1B,1998,10,29,New York Mets,160,665,557,0.354,0.447,0.551,0.998,22,96,73
John Olerud,1B,1999,11,30,New York Mets,162,723,581,0.298,0.427,0.463,0.89,19,125,66
John Olerud,1B,2000,12,31,Seattle Mariners,159,683,565,0.285,0.392,0.439,0.831,14,102,96
John Olerud,1B,2001,13,32,Seattle Mariners,159,679,572,0.302,0.401,0.472,0.873,21,94,70
John Olerud,1B,2002,14,33,Seattle Mariners,154,668,553,0.3,0.403,0.49,0.893,22,98,66
John Olerud,1B,2003,15,34,Seattle Mariners,152,634,539,0.269,0.372,0.39,0.762,10,84,67
John Olerud,1B,2004,16,35,Seattle Mariners,78,312,261,0.245,0.354,0.36,0.714,5,40,41
John Olerud,1B,2004,16,35,New York Yankees,49,188,164,0.28,0.367,0.396,0.763,4,21,20
John Olerud,1B,2004,16,35,,127,500,425,0.259,0.359,0.374,0.733,9,61,61
John Olerud,1B,2005,17,36,Boston Red Sox,87,192,173,0.289,0.344,0.451,0.795,7,16,20
Adrian Beltre,3B,1998,1,19,Los Angeles Dodgers,77,214,195,0.215,0.278,0.369,0.647,7,14,37
Adrian Beltre,3B,1999,2,20,Los Angeles Dodgers,152,614,538,0.275,0.352,0.428,0.78,15,61,105
Adrian Beltre,3B,2000,3,21,Los Angeles Dodgers,138,575,510,0.29,0.36,0.475,0.835,20,56,80
Adrian Beltre,3B,2001,4,22,Los Angeles Dodgers,126,515,475,0.265,0.31,0.411,0.721,13,28,82
Adrian Beltre,3B,2002,5,23,Los Angeles Dodgers,159,635,587,0.257,0.303,0.426,0.729,21,37,96
Adrian Beltre,3B,2003,6,24,Los Angeles Dodgers,158,608,559,0.24,0.29,0.424,0.714,23,37,103
Adrian Beltre,3B,2004,7,25,Los Angeles Dodgers,156,657,598,0.334,0.388,0.629,1.017,48,53,87
Adrian Beltre,3B,2005,8,26,Seattle Mariners,156,650,603,0.255,0.303,0.413,0.716,19,38,108
Adrian Beltre,3B,2006,9,27,Seattle Mariners,156,681,620,0.268,0.328,0.465,0.793,25,47,118
Adrian Beltre,3B,2007,10,28,Seattle Mariners,149,639,595,0.276,0.319,0.482,0.801,26,38,104
Adrian Beltre,3B,2008,11,29,Seattle Mariners,143,612,556,0.266,0.327,0.457,0.784,25,50,90
Adrian Beltre,3B,2009,12,30,Seattle Mariners,111,477,449,0.265,0.304,0.379,0.683,8,19,74
Adrian Beltre,3B,2010,13,31,Boston Red Sox,154,641,589,0.321,0.365,0.553,0.918,28,40,82
Adrian Beltre,3B,2011,14,32,Texas Rangers,124,525,487,0.296,0.331,0.561,0.892,32,25,53
Adrian Beltre,3B,2012,15,33,Texas Rangers,156,654,604,0.321,0.359,0.561,0.92,36,36,82
Adrian Beltre,3B,2013,16,34,Texas Rangers,161,690,631,0.315,0.371,0.509,0.88,30,50,78
Adrian Beltre,3B,2014,17,35,Texas Rangers,148,614,549,0.324,0.388,0.492,0.88,19,57,74
Adrian Beltre,3B,2015,18,36,Texas Rangers,143,619,567,0.287,0.334,0.453,0.787,18,41,65
Adrian Beltre,3B,2016,19,37,Texas Rangers,153,640,583,0.3,0.358,0.521,0.879,32,48,66
Adrian Beltre,3B,2017,20,38,Texas Rangers,94,389,340,0.312,0.383,0.532,0.915,17,39,52
Adrian Beltre,3B,2018,21,39,Texas Rangers,119,481,433,0.273,0.328,0.434,0.762,15,34,96
Chipper Jones,3B,1993,1,21,Atlanta Braves,8,4,3,0.667,0.75,1.0,1.75,0,1,1
Chipper Jones,3B,1995,3,23,Atlanta Braves,140,602,524,0.265,0.353,0.45,0.803,23,73,99
Chipper Jones,3B,1996,4,24,Atlanta Braves,157,693,598,0.309,0.393,0.53,0.923,30,87,88
Chipper Jones,3B,1997,5,25,Atlanta Braves,157,679,597,0.295,0.371,0.479,0.85,21,76,88
Chipper Jones,3B,1998,6,26,Atlanta Braves,160,707,601,0.313,0.404,0.547,0.951,34,96,93
Chipper Jones,3B,1999,7,27,Atlanta Braves,157,701,567,0.319,0.441,0.633,1.074,45,126,94
Chipper Jones,3B,2000,8,28,Atlanta Braves,156,686,579,0.311,0.404,0.566,0.97,36,95,64
Chipper Jones,3B,2001,9,29,Atlanta Braves,159,677,572,0.33,0.427,0.605,1.032,38,98,82
Chipper Jones,3B,2002,10,30,Atlanta Braves,158,662,548,0.327,0.435,0.536,0.971,26,107,89
Chipper Jones,3B,2003,11,31,Atlanta Braves,153,656,555,0.305,0.402,0.517,0.919,27,94,83
Chipper Jones,3B,2004,12,32,Atlanta Braves,137,567,472,0.248,0.362,0.485,0.847,30,84,96
Chipper Jones,3B,2005,13,33,Atlanta Braves,109,432,358,0.296,0.412,0.556,0.968,21,72,56
Chipper Jones,3B,2006,14,34,Atlanta Braves,110,477,411,0.324,0.409,0.596,1.005,26,61,73
Chipper Jones,3B,2007,15,35,Atlanta Braves,134,600,513,0.337,0.425,0.604,1.029,29,82,75
Chipper Jones,3B,2008,16,36,Atlanta Braves,128,534,439,0.364,0.47,0.574,1.044,22,90,61
Chipper Jones,3B,2009,17,37,Atlanta Braves,143,596,488,0.264,0.388,0.43,0.818,18,101,89
Chipper Jones,3B,2010,18,38,Atlanta Braves,95,381,317,0.265,0.381,0.426,0.807,10,61,47
Chipper Jones,3B,2011,19,39,Atlanta Braves,126,512,455,0.275,0.344,0.47,0.814,18,51,80
Chipper Jones,3B,2012,20,40,Atlanta Braves,112,448,387,0.287,0.377,0.455,0.832,14,57,51
Scott Rolen,3B,1996,1,21,Philadelphia Phillies,37,146,130,0.254,0.322,0.4,0.722,4,13,27
Scott Rolen,3B,1997,2,22,Philadelphia Phillies,156,657,561,0.283,0.377,0.469,0.846,21,76,138
Scott Rolen,3B,1998,3,23,Philadelphia Phillies,160,711,601,0.29,0.391,0.532,0.923,31,93,141
Scott Rolen,3B,1999,4,24,Philadelphia Phillies,112,497,421,0.268,0.368,0.525,0.893,26,67,114
Scott Rolen,3B,2000,5,25,Philadelphia Phillies,128,541,483,0.298,0.37,0.551,0.921,26,51,99
Scott Rolen,3B,2001,6,26,Philadelphia Phillies,151,653,554,0.289,0.378,0.498,0.876,25,74,127
Scott Rolen,3B,2002,7,27,Philadelphia Phillies,100,438,375,0.259,0.358,0.472,0.83,17,52,68
Scott Rolen,3B,2002,7,27,St. Louis Cardinals,55,229,205,0.278,0.354,0.561,0.915,14,20,34
Scott Rolen,3B,2002,7,27,,155,667,580,0.266,0.357,0.503,0.86,31,72,102
Scott Rolen,3B,2003,8,28,St. Louis Cardinals,154,657,559,0.286,0.382,0.528,0.91,28,82,104
Scott Rolen,3B,2004,9,29,St. Louis Cardinals,142,593,500,0.314,0.409,0.598,1.007,34,72,92
Scott Rolen,3B,2005,10,30,St. Louis Cardinals,56,223,196,0.235,0.323,0.383,0.706,5,25,28
Scott Rolen,3B,2006,11,31,St. Louis Cardinals,142,594,521,0.296,0.369,0.518,0.887,22,56,69
Scott Rolen,3B,2007,12,32,St. Louis Cardinals,112,441,392,0.265,0.331,0.398,0.729,8,37,56
Scott Rolen,3B,2008,13,33,Toronto Blue Jays,115,467,408,0.262,0.349,0.431,0.78,11,46,71
Scott Rolen,3B,2009,14,34,Toronto Blue Jays,88,373,338,0.32,0.37,0.476,0.846,8,26,42
Scott Rolen,3B,2009,14,34,Cincinnati Reds,40,162,137,0.27,0.364,0.401,0.765,3,19,20
Scott Rolen,3B,2009,14,34,,128,535,475,0.305,0.368,0.455,0.823,11,45,62
Scott Rolen,3B,2010,15,35,Cincinnati Reds,133,537,471,0.285,0.358,0.497,0.855,20,50,82
Scott Rolen,3B,2011,16,36,Cincinnati Reds,65,269,252,0.242,0.279,0.397,0.676,5,10,36
Scott Rolen,3B,2012,17,37,Cincinnati Reds,92,330,294,0.245,0.318,0.398,0.716,8,30,62
Evan Longoria,3B,2008,1,22,Tampa Bay Rays,122,508,448,0.272,0.343,0.531,0.874,27,46,122
Evan Longoria,3B,2009,2,23,Tampa Bay Rays,157,671,584,0.281,0.364,0.526,0.89,33,72,140
Evan Longoria,3B,2010,3,24,Tampa Bay Rays,151,661,574,0.294,0.372,0.507,0.879,22,72,124
Evan Longoria,3B,2011,4,25,Tampa Bay Rays,133,574,483,0.244,0.355,0.495,0.85,31,80,93
Evan Longoria,3B,2012,5,26,Tampa Bay Rays,74,312,273,0.289,0.369,0.527,0.896,17,33,61
Evan Longoria,3B,2013,6,27,Tampa Bay Rays,160,693,614,0.269,0.343,0.498,0.841,32,70,162
Evan Longoria,3B,2014,7,28,Tampa Bay Rays,162,700,624,0.253,0.32,0.404,0.724,22,57,133
Evan Longoria,3B,2015,8,29,Tampa Bay Rays,160,670,604,0.27,0.328,0.435,0.763,21,51,132
Evan Longoria,3B,2016,9,30,Tampa Bay Rays,160,685,633,0.273,0.318,0.521,0.839,36,42,144
Evan Longoria,3B,2017,10,31,Tampa Bay Rays,156,677,613,0.261,0.313,0.424,0.737,20,46,109
Evan Longoria,3B,2018,11,32,San Francisco Giants,125,512,480,0.244,0.281,0.413,0.694,16,22,101
Evan Longoria,3B,2019,12,33,San Francisco Giants,129,508,453,0.254,0.325,0.437,0.762,20,43,112
Evan Longoria,3B,2020,13,34,San Francisco Giants,53,209,193,0.254,0.297,0.425,0.722,7,11,39
Evan Longoria,3B,2021,14,35,San Francisco Giants,81,291,253,0.261,0.351,0.482,0.833,13,35,68
Evan Longoria,3B,2022,15,36,San Francisco Giants,89,298,266,0.244,0.315,0.451,0.766,14,27,83
Evan Longoria,3B,2023,16,37,Arizona Diamondbacks,74,237,211,0.223,0.295,0.422,0.717,11,23,73
David Wright,3B,2004,1,21,New York Mets,69,283,263,0.293,0.332,0.525,0.857,14,14,40
David Wright,3B,2005,2,22,New York Mets,160,657,575,0.306,0.388,0.523,0.911,27,72,113
David Wright,3B,2006,3,23,New York Mets,154,661,582,0.311,0.381,0.531,0.912,26,66,113
David Wright,3B,2007,4,24,New York Mets,160,711,604,0.325,0.416,0.546,0.962,30,94,115
David Wright,3B,2008,5,25,New York Mets,160,736,626,0.302,0.39,0.534,0.924,33,94,118
David Wright,3B,2009,6,26,New York Mets,144,618,535,0.307,0.39,0.447,0.837,10,74,140
David Wright,3B,2010,7,27,New York Mets,157,670,587,0.283,0.354,0.503,0.857,29,69,161
David Wright,3B,2011,8,28,New York Mets,102,447,389,0.254,0.345,0.427,0.772,14,52,97
David Wright,3B,2012,9,29,New York Mets,156,670,581,0.306,0.391,0.492,0.883,21,81,112
David Wright,3B,2013,10,30,New York Mets,112,492,430,0.307,0.39,0.514,0.904,18,55,79
David Wright,3B,2014,11,31,New York Mets,134,586,535,0.269,0.324,0.374,0.698,8,42,113
David Wright,3B,2015,12,32,New York Mets,38,174,152,0.289,0.379,0.434,0.813,5,22,36
David Wright,3B,2016,13,33,New York Mets,37,164,137,0.226,0.35,0.438,0.788,7,26,55
David Wright,3B,2018,15,35,New York Mets,2,3,2,0.0,0.333,0.0,0.333,0,1,0
Alex Rodriguez,SS/3B,1994,1,18,Seattle Mariners,17,59,54,0.204,0.241,0.204,0.445,0,3,20
Alex Rodriguez,SS/3B,1995,2,19,Seattle Mariners,48,149,142,0.232,0.264,0.408,0.672,5,6,42
Alex Rodriguez,SS/3B,1996,3,20,Seattle Mariners,146,677,601,0.358,0.414,0.631,1.045,36,59,104
Alex Rodriguez,SS/3B,1997,4,21,Seattle Mariners,141,638,587,0.3,0.35,0.496,0.846,23,41,99
Alex Rodriguez,SS/3B,1998,5,22,Seattle Mariners,161,748,686,0.31,0.36,0.56,0.92,42,45,121
Alex Rodriguez,SS/3B,1999,6,23,Seattle Mariners,129,572,502,0.285,0.357,0.586,0.943,42,56,109
Alex Rodriguez,SS/3B,2000,7,24,Seattle Mariners,148,672,554,0.316,0.42,0.606,1.026,41,100,121
Alex Rodriguez,SS/3B,2001,8,25,Texas Rangers,162,732,632,0.318,0.399,0.622,1.021,52,75,131
Alex Rodriguez,SS/3B,2002,9,26,Texas Rangers,162,725,624,0.3,0.392,0.623,1.015,57,87,122
Alex Rodriguez,SS/3B,2003,10,27,Texas Rangers,161,715,607,0.298,0.396,0.6,0.996,47,87,126
Alex Rodriguez,SS/3B,2004,11,28,New York Yankees,155,698,601,0.286,0.375,0.512,0.887,36,80,131
Alex Rodriguez,SS/3B,2005,12,29,New York Yankees,162,715,605,0.321,0.421,0.61,1.031,48,91,139
Alex Rodriguez,SS/3B,2006,13,30,New York Yankees,154,674,572,0.29,0.392,0.523,0.915,35,90,139
Alex Rodriguez,SS/3B,2007,14,31,New York Yankees,158,708,583,0.314,0.422,0.645,1.067,54,95,120
Alex Rodriguez,SS/3B,2008,15,32,New York Yankees,138,594,510,0.302,0.392,0.573,0.965,35,65,117
Alex Rodriguez,SS/3B,2009,16,33,New York Yankees,124,535,444,0.286,0.402,0.532,0.934,30,80,97
Alex Rodriguez,SS/3B,2010,17,34,New York Yankees,137,595,522,0.27,0.341,0.506,0.847,30,59,98
Alex Rodriguez,SS/3B,2011,18,35,New York Yankees,99,428,373,0.276,0.362,0.461,0.823,16,47,80
Alex Rodriguez,SS/3B,2012,19,36,New York Yankees,122,529,463,0.272,0.353,0.43,0.783,18,51,116
Alex Rodriguez,SS/3B,2013,20,37,New York Yankees,44,181,156,0.244,0.348,0.423,0.771,7,23,43
Alex Rodriguez,SS/3B,2015,22,39,New York Yankees,151,620,523,0.25,0.356,0.486,0.842,33,84,145
Alex Rodriguez,SS/3B,2016,23,40,New York Yankees,65,243,225,0.2,0.247,0.351,0.598,9,14,67
Derek Jeter,SS,1995,1,21,New York Yankees,15,51,48,0.25,0.294,0.375,0.669,0,3,11
Derek Jeter,SS,1996,2,22,New York Yankees,157,654,582,0.314,0.37,0.43,0.8,10,48,102
Derek Jeter,SS,1997,3,23,New York Yankees,159,748,654,0.291,0.37,0.405,0.775,10,74,125
Derek Jeter,SS,1998,4,24,New York Yankees,149,694,626,0.324,0.384,0.481,0.865,19,57,119
Derek Jeter,SS,1999,5,25,New York Yankees,158,739,627,0.349,0.438,0.552,0.99,24,91,116
Derek Jeter,SS,2000,6,26,New York Yankees,148,679,593,0.339,0.416,0.481,0.897,15,68,99
Derek Jeter,SS,2001,7,27,New York Yankees,150,686,614,0.311,0.377,0.48,0.857,21,56,99
Derek Jeter,SS,2002,8,28,New York Yankees,157,730,644,0.297,0.373,0.421,0.794,18,73,114
Derek Jeter,SS,2003,9,29,New York Yankees,119,542,482,0.324,0.393,0.45,0.843,10,43,88
Derek Jeter,SS,2004,10,30,New York Yankees,154,721,643,0.292,0.352,0.471,0.823,23,46,99
Derek Jeter,SS,2005,11,31,New York Yankees,159,752,654,0.309,0.389,0.45,0.839,19,77,117
Derek Jeter,SS,2006,12,32,New York Yankees,154,715,623,0.343,0.417,0.483,0.9,14,69,102
Derek Jeter,SS,2007,13,33,New York Yankees,156,714,639,0.322,0.388,0.452,0.84,12,56,100
Derek Jeter,SS,2008,14,34,New York Yankees,150,668,596,0.3,0.363,0.408,0.771,11,52,85
Derek Jeter,SS,2009,15,35,New York Yankees,153,716,634,0.334,0.406,0.465,0.871,18,72,90
Derek Jeter,SS,2010,16,36,New York Yankees,157,739,663,0.27,0.34,0.37,0.71,10,63,106
Derek Jeter,SS,2011,17,37,New York Yankees,131,607,546,0.297,0.355,0.388,0.743,6,46,81
Derek Jeter,SS,2012,18,38,New York Yankees,159,740,683,0.316,0.362,0.429,0.791,15,45,90
Derek Jeter,SS,2013,19,39,New York Yankees,17,73,63,0.19,0.288,0.254,0.542,1,8,10
Derek Jeter,SS,2014,20,40,New York Yankees,145,634,581,0.256,0.304,0.313,0.617,4,35,87
Cal Ripken Jr.,SS/3B,1981,1,20,Baltimore Orioles,23,40,39,0.128,0.15,0.128,0.278,0,1,8
Cal Ripken Jr.,SS/3B,1982,2,21,Baltimore Orioles,160,655,598,0.264,0.317,0.475,0.792,28,46,95
Cal Ripken Jr.,SS/3B,1983,3,22,Baltimore Orioles,162,726,663,0.318,0.371,0.517,0.888,27,58,97
Cal Ripken Jr.,SS/3B,1984,4,23,Baltimore Orioles,162,716,641,0.304,0.374,0.51,0.884,27,71,89
Cal Ripken Jr.,SS/3B,1985,5,24,Baltimore Orioles,161,718,642,0.282,0.347,0.469,0.816,26,67,68
Cal Ripken Jr.,SS/3B,1986,6,25,Baltimore Orioles,162,707,627,0.282,0.355,0.461,0.816,25,70,60
Cal Ripken Jr.,SS/3B,1987,7,26,Baltimore Orioles,162,717,624,0.252,0.333,0.436,0.769,27,81,77
Cal Ripken Jr.,SS/3B,1988,8,27,Baltimore Orioles,161,689,575,0.264,0.372,0.431,0.803,23,102,69
Cal Ripken Jr.,SS/3B,1989,9,28,Baltimore Orioles,162,712,646,0.257,0.317,0.401,0.718,21,57,72
Cal Ripken Jr.,SS/3B,1990,10,29,Baltimore Orioles,161,695,600,0.25,0.341,0.415,0.756,21,82,66
Cal Ripken Jr.,SS/3B,1991,11,30,Baltimore Orioles,162,717,650,0.323,0.374,0.566,0.94,34,53,46
Cal Ripken Jr.,SS/3B,1992,12,31,Baltimore Orioles,162,715,637,0.251,0.323,0.366,0.689,14,64,50
Cal Ripken Jr.,SS/3B,1993,13,32,Baltimore Orioles,162,718,641,0.257,0.329,0.42,0.749,24,65,58
Cal Ripken Jr.,SS/3B,1994,14,33,Baltimore Orioles,112,484,444,0.315,0.364,0.459,0.823,13,32,41
Cal Ripken Jr.,SS/3B,1995,15,34,Baltimore Orioles,144,613,550,0.262,0.324,0.422,0.746,17,52,59
Cal Ripken Jr.,SS/3B,1996,16,35,Baltimore Orioles,163,707,640,0.278,0.341,0.466,0.807,26,59,78
Cal Ripken Jr.,SS/3B,1997,17,36,Baltimore Orioles,162,686,615,0.27,0.331,0.402,0.733,17,56,73
Cal Ripken Jr.,SS/3B,1998,18,37,Baltimore Orioles,161,659,601,0.271,0.331,0.389,0.72,14,51,68
Cal Ripken Jr.,SS/3B,1999,19,38,Baltimore Orioles,86,354,332,0.34,0.368,0.584,0.952,18,13,31
Cal Ripken Jr.,SS/3B,2000,20,39,Baltimore Orioles,83,339,309,0.256,0.31,0.453,0.763,15,23,37
Cal Ripken Jr.,SS/3B,2001,21,40,Baltimore Orioles,128,516,477,0.239,0.276,0.361,0.637,14,26,63
